date,nav,amfi_code
2013-01-02,16.83,119598
2013-01-03,16.86,119598
2013-01-04,16.88,119598
2013-01-07,16.8,119598
2013-01-08,16.84,119598
2013-01-09,16.8,119598
2013-01-10,16.78,119598
2013-01-11,16.72,119598
2013-01-14,16.92,119598
2013-01-15,17.03,119598
2013-01-16,16.89,119598
2013-01-17,17.01,119598
2013-01-18,17.02,119598
2013-01-21,17.06,119598
2013-01-22,16.96,119598
2013-01-23,17.0,119598
2013-01-24,16.85,119598
2013-01-25,16.98,119598
2013-01-28,17.04,119598
2013-01-29,16.93,119598
2013-01-30,16.93,119598
2013-01-31,16.89,119598
2013-02-01,16.88,119598
2013-02-04,16.83,119598
2013-02-05,16.72,119598
2013-02-06,16.74,119598
2013-02-07,16.68,119598
2013-02-08,16.63,119598
2013-02-11,16.59,119598
2013-02-12,16.6798,119598
2013-02-13,16.7595,119598
2013-02-14,16.6197,119598
2013-02-15,16.6134,119598
2013-02-18,16.6177,119598
2013-02-19,16.7325,119598
2013-02-20,16.7554,119598
2013-02-21,16.5001,119598
2013-02-22,16.5206,119598
2013-02-25,16.4798,119598
2013-02-26,16.2629,119598
2013-02-27,16.408,119598
2013-02-28,16.1897,119598
2013-03-01,16.2361,119598
2013-03-04,16.1731,119598
2013-03-05,16.4118,119598
2013-03-06,16.5125,119598
2013-03-07,16.6616,119598
2013-03-08,16.8485,119598
2013-03-11,16.8658,119598
2013-03-12,16.8233,119598
2013-03-13,16.6575,119598
2013-03-14,16.8129,119598
2013-03-15,16.687,119598
2013-03-18,16.5846,119598
2013-03-19,16.3344,119598
2013-03-20,16.1719,119598
2013-03-21,16.1323,119598
2013-03-22,16.0831,119598
2013-03-25,16.0455,119598
2013-03-26,16.064,119598
2013-03-28,16.1772,119598
2013-04-01,16.2103,119598
2013-04-02,16.321,119598
2013-04-03,16.1371,119598
2013-04-04,15.8821,119598
2013-04-05,15.8657,119598
2013-04-08,15.8538,119598
2013-04-09,15.7289,119598
2013-04-10,15.8859,119598
2013-04-11,15.9803,119598
2013-04-12,15.7761,119598
2013-04-15,15.8321,119598
2013-04-16,16.1075,119598
2013-04-17,16.1403,119598
2013-04-18,16.3483,119598
2013-04-22,16.5524,119598
2013-04-23,16.5453,119598
2013-04-25,16.7046,119598
2013-04-26,16.6551,119598
2013-04-29,16.7312,119598
2013-04-30,16.7627,119598
2013-05-02,16.9062,119598
2013-05-03,16.7842,119598
2013-05-06,16.9087,119598
2013-05-07,17.0592,119598
2013-05-08,17.1553,119598
2013-05-09,17.1215,119598
2013-05-10,17.2357,119598
2013-05-13,16.9326,119598
2013-05-14,17.0222,119598
2013-05-15,17.4025,119598
2013-05-16,17.4703,119598
2013-05-17,17.3664,119598
2013-05-20,17.3153,119598
2013-05-21,17.204,119598
2013-05-22,17.1413,119598
2013-05-23,16.8248,119598
2013-05-24,16.8372,119598
2013-05-27,17.0716,119598
2013-05-28,17.143,119598
2013-05-29,17.083,119598
2013-05-30,17.1285,119598
2013-05-31,16.8308,119598
2013-06-03,16.6941,119598
2013-06-04,16.6661,119598
2013-06-05,16.696,119598
2013-06-06,16.7075,119598
2013-06-07,16.6504,119598
2013-06-10,16.5959,119598
2013-06-11,16.2896,119598
2013-06-12,16.219,119598
2013-06-13,16.0286,119598
2013-06-14,16.3147,119598
2013-06-17,16.4447,119598
2013-06-18,16.3619,119598
2013-06-19,16.4117,119598
2013-06-20,15.9945,119598
2013-06-21,15.9422,119598
2013-06-24,15.6839,119598
2013-06-25,15.71,119598
2013-06-26,15.714,119598
2013-06-27,15.9428,119598
2013-06-28,16.2722,119598
2013-07-01,16.4126,119598
2013-07-02,16.3522,119598
2013-07-03,16.1395,119598
2013-07-04,16.3692,119598
2013-07-05,16.3812,119598
2013-07-08,16.3156,119598
2013-07-09,16.3999,119598
2013-07-10,16.35,119598
2013-07-11,16.6036,119598
2013-07-12,16.7125,119598
2013-07-15,16.8901,119598
2013-07-16,16.6292,119598
2013-07-17,16.5877,119598
2013-07-18,16.7354,119598
2013-07-19,16.7287,119598
2013-07-22,16.6986,119598
2013-07-23,16.7637,119598
2013-07-24,16.4702,119598
2013-07-25,16.2892,119598
2013-07-26,16.2336,119598
2013-07-29,16.1097,119598
2013-07-30,15.8668,119598
2013-07-31,15.8663,119598
2013-08-01,15.8331,119598
2013-08-02,15.7288,119598
2013-08-05,15.7476,119598
2013-08-06,15.3392,119598
2013-08-07,15.2791,119598
2013-08-08,15.3945,119598
2013-08-12,15.6539,119598
2013-08-13,15.8852,119598
2013-08-14,15.9522,119598
2013-08-16,15.3453,119598
2013-08-19,15.0828,119598
2013-08-20,14.9703,119598
2013-08-21,14.7315,119598
2013-08-22,14.882,119598
2013-08-23,15.0819,119598
2013-08-26,15.1361,119598
2013-08-27,14.6119,119598
2013-08-28,14.5277,119598
2013-08-29,14.8833,119598
2013-08-30,15.0806,119598
2013-09-02,15.3116,119598
2013-09-03,14.7988,119598
2013-09-04,15.0231,119598
2013-09-05,15.4071,119598
2013-09-06,15.6135,119598
2013-09-10,16.0925,119598
2013-09-11,16.1819,119598
2013-09-12,16.0963,119598
2013-09-13,16.0337,119598
2013-09-16,16.0515,119598
2013-09-17,16.1151,119598
2013-09-18,16.2479,119598
2013-09-19,16.7831,119598
2013-09-20,16.5663,119598
2013-09-23,16.3503,119598
2013-09-24,16.3399,119598
2013-09-25,16.2954,119598
2013-09-26,16.3054,119598
2013-09-27,16.274,119598
2013-09-30,16.0243,119598
2013-10-01,16.1581,119598
2013-10-03,16.4721,119598
2013-10-04,16.5315,119598
2013-10-07,16.562,119598
2013-10-08,16.6676,119598
2013-10-09,16.8489,119598
2013-10-10,16.8864,119598
2013-10-11,17.063,119598
2013-10-14,17.1496,119598
2013-10-15,17.0413,119598
2013-10-17,16.9443,119598
2013-10-18,17.2487,119598
2013-10-21,17.3449,119598
2013-10-22,17.3552,119598
2013-10-23,17.2849,119598
2013-10-24,17.2688,119598
2013-10-25,17.2,119598
2013-10-28,17.0693,119598
2013-10-29,17.3185,119598
2013-10-30,17.4087,119598
2013-10-31,17.5632,119598
2013-11-01,17.5875,119598
2013-11-05,17.5428,119598
2013-11-06,17.5176,119598
2013-11-07,17.3777,119598
2013-11-08,17.2774,119598
2013-11-11,17.229,119598
2013-11-12,17.0918,119598
2013-11-13,17.0045,119598
2013-11-14,17.1204,119598
2013-11-18,17.4125,119598
2013-11-19,17.419,119598
2013-11-20,17.2429,119598
2013-11-21,16.9659,119598
2013-11-22,16.9442,119598
2013-11-25,17.2174,119598
2013-11-26,17.1127,119598
2013-11-27,17.1906,119598
2013-11-28,17.2302,119598
2013-11-29,17.3981,119598
2013-12-02,17.5284,119598
2013-12-03,17.4939,119598
2013-12-04,17.3782,119598
2013-12-05,17.5094,119598
2013-12-06,17.5632,119598
2013-12-09,17.7665,119598
2013-12-10,17.6998,119598
2013-12-11,17.7107,119598
2013-12-12,17.619,119598
2013-12-13,17.4568,119598
2013-12-16,17.4547,119598
2013-12-17,17.4852,119598
2013-12-18,17.6841,119598
2013-12-19,17.6043,119598
2013-12-20,17.8348,119598
2013-12-23,17.8448,119598
2013-12-24,17.8164,119598
2013-12-26,17.8355,119598
2013-12-27,17.9323,119598
2013-12-30,17.8788,119598
2013-12-31,17.913,119598
2014-01-01,17.9678,119598
2014-01-02,17.7647,119598
2014-01-03,17.8616,119598
2014-01-06,17.8538,119598
2014-01-07,17.7651,119598
2014-01-08,17.8268,119598
2014-01-09,17.8796,119598
2014-01-10,17.8717,119598
2014-01-13,18.0651,119598
2014-01-14,17.9969,119598
2014-01-15,18.1359,119598
2014-01-16,18.1117,119598
2014-01-17,17.9211,119598
2014-01-20,18.0831,119598
2014-01-21,18.1053,119598
2014-01-22,18.1745,119598
2014-01-23,18.1743,119598
2014-01-24,17.9846,119598
2014-01-27,17.6521,119598
2014-01-28,17.5945,119598
2014-01-29,17.5641,119598
2014-01-30,17.4201,119598
2014-01-31,17.6492,119598
2014-02-03,17.4881,119598
2014-02-04,17.4553,119598
2014-02-05,17.4781,119598
2014-02-06,17.507,119598
2014-02-07,17.5899,119598
2014-02-10,17.5787,119598
2014-02-11,17.6433,119598
2014-02-12,17.7412,119598
2014-02-13,17.546,119598
2014-02-14,17.6472,119598
2014-02-17,17.6592,119598
2014-02-18,17.7367,119598
2014-02-19,17.8516,119598
2014-02-20,17.7396,119598
2014-02-21,17.8979,119598
2014-02-24,17.9473,119598
2014-02-25,18.0082,119598
2014-02-26,18.1022,119598
2014-02-28,18.2321,119598
2014-03-03,18.1697,119598
2014-03-04,18.2755,119598
2014-03-05,18.3718,119598
2014-03-06,18.5399,119598
2014-03-07,18.7226,119598
2014-03-10,18.7566,119598
2014-03-11,18.7153,119598
2014-03-12,18.7368,119598
2014-03-13,18.6906,119598
2014-03-14,18.6604,119598
2014-03-18,18.7454,119598
2014-03-19,18.752,119598
2014-03-20,18.6618,119598
2014-03-21,18.7531,119598
2014-03-24,18.9094,119598
2014-03-25,18.9271,119598
2014-03-26,18.9216,119598
2014-03-27,19.0099,119598
2014-03-28,19.1915,119598
2014-03-31,19.2666,119598
2014-04-01,19.2613,119598
2014-04-02,19.4017,119598
2014-04-03,19.338,119598
2014-04-04,19.2155,119598
2014-04-07,19.2492,119598
2014-04-09,19.4634,119598
2014-04-10,19.4543,119598
2014-04-11,19.4576,119598
2014-04-15,19.3731,119598
2014-04-16,19.2336,119598
2014-04-17,19.4362,119598
2014-04-21,19.5285,119598
2014-04-22,19.5527,119598
2014-04-23,19.6685,119598
2014-04-25,19.5504,119598
2014-04-28,19.5446,119598
2014-04-29,19.4341,119598
2014-04-30,19.3306,119598
2014-05-02,19.3635,119598
2014-05-05,19.3147,119598
2014-05-06,19.3352,119598
2014-05-07,19.2155,119598
2014-05-08,19.2459,119598
2014-05-09,19.6502,119598
2014-05-12,19.9979,119598
2014-05-13,20.283,119598
2014-05-14,20.3664,119598
2014-05-15,20.2345,119598
2014-05-16,20.5045,119598
2014-05-19,20.7061,119598
2014-05-20,20.8549,119598
2014-05-21,20.8906,119598
2014-05-22,20.9979,119598
2014-05-23,21.2153,119598
2014-05-26,21.1584,119598
2014-05-27,21.1769,119598
2014-05-28,21.2557,119598
2014-05-29,21.0798,119598
2014-05-30,21.0943,119598
2014-06-02,21.4069,119598
2014-06-03,21.5273,119598
2014-06-04,21.5775,119598
2014-06-05,21.7162,119598
2014-06-06,21.9251,119598
2014-06-09,22.1992,119598
2014-06-10,22.2533,119598
2014-06-11,22.217,119598
2014-06-12,22.3657,119598
2014-06-13,22.1294,119598
2014-06-16,22.1277,119598
2014-06-17,22.4069,119598
2014-06-18,22.249,119598
2014-06-19,22.1883,119598
2014-06-20,22.085,119598
2014-06-23,22.1275,119598
2014-06-24,22.3102,119598
2014-06-25,22.2691,119598
2014-06-26,22.2227,119598
2014-06-27,22.3924,119598
2014-06-30,22.6916,119598
2014-07-01,22.8936,119598
2014-07-02,23.1467,119598
2014-07-03,23.2094,119598
2014-07-04,23.3706,119598
2014-07-07,23.3974,119598
2014-07-08,22.8692,119598
2014-07-09,22.6751,119598
2014-07-10,22.6747,119598
2014-07-11,22.3965,119598
2014-07-14,22.3938,119598
2014-07-15,22.7382,119598
2014-07-16,23.0706,119598
2014-07-17,23.1429,119598
2014-07-18,23.2033,119598
2014-07-21,23.217,119598
2014-07-22,23.3464,119598
2014-07-23,23.3581,119598
2014-07-24,23.4014,119598
2014-07-25,23.2601,119598
2014-07-28,23.2077,119598
2014-07-30,23.2775,119598
2014-07-31,23.1967,119598
2014-08-01,22.9819,119598
2014-08-04,23.1452,119598
2014-08-05,23.2787,119598
2014-08-06,23.106,119598
2014-08-07,23.058,119598
2014-08-08,22.8014,119598
2014-08-11,22.9636,119598
2014-08-12,23.1433,119598
2014-08-13,23.1071,119598
2014-08-14,23.2974,119598
2014-08-18,23.5779,119598
2014-08-19,23.7085,119598
2014-08-20,23.7266,119598
2014-08-21,23.8813,119598
2014-08-22,24.018,119598
2014-08-25,24.0004,119598
2014-08-26,24.0146,119598
2014-08-27,24.1995,119598
2014-08-28,24.2327,119598
2014-09-01,24.5102,119598
2014-09-02,24.7525,119598
2014-09-03,24.8955,119598
2014-09-04,24.8577,119598
2014-09-05,24.8318,119598
2014-09-08,25.0175,119598
2014-09-09,25.0574,119598
2014-09-10,24.9686,119598
2014-09-11,25.1706,119598
2014-09-12,25.2581,119598
2014-09-15,25.117,119598
2014-09-16,24.6117,119598
2014-09-17,24.7187,119598
2014-09-18,25.1682,119598
2014-09-19,25.1757,119598
2014-09-22,25.2455,119598
2014-09-23,24.9084,119598
2014-09-24,24.8283,119598
2014-09-25,24.6124,119598
2014-09-26,24.8001,119598
2014-09-29,24.8874,119598
2014-09-30,24.9223,119598
2014-10-01,24.8249,119598
2014-10-07,24.5564,119598
2014-10-08,24.4536,119598
2014-10-09,24.7982,119598
2014-10-10,24.4363,119598
2014-10-13,24.5649,119598
2014-10-14,24.4911,119598
2014-10-16,24.0591,119598
2014-10-17,24.1632,119598
2014-10-20,24.4695,119598
2014-10-21,24.6691,119598
2014-10-22,24.8903,119598
2014-10-27,24.9151,119598
2014-10-28,25.0446,119598
2014-10-29,25.2028,119598
2014-10-30,25.4904,119598
2014-10-31,25.892,119598
2014-11-03,25.8576,119598
2014-11-05,25.9419,119598
2014-11-07,26.0622,119598
2014-11-10,26.0857,119598
2014-11-11,26.1914,119598
2014-11-12,26.3246,119598
2014-11-13,26.235,119598
2014-11-14,26.2818,119598
2014-11-17,26.4106,119598
2014-11-18,26.4919,119598
2014-11-19,26.3636,119598
2014-11-20,26.4056,119598
2014-11-21,26.6116,119598
2014-11-24,26.734,119598
2014-11-25,26.5007,119598
2014-11-26,26.5071,119598
2014-11-27,26.5345,119598
2014-11-28,26.8306,119598
2014-12-01,26.7817,119598
2014-12-02,26.7967,119598
2014-12-03,26.9346,119598
2014-12-04,27.0368,119598
2014-12-05,26.909,119598
2014-12-08,26.6059,119598
2014-12-09,26.2934,119598
2014-12-10,26.3649,119598
2014-12-11,26.2223,119598
2014-12-12,26.0803,119598
2014-12-15,25.9347,119598
2014-12-16,25.5966,119598
2014-12-17,25.4446,119598
2014-12-18,25.9493,119598
2014-12-19,26.1593,119598
2014-12-22,26.4116,119598
2014-12-23,26.2958,119598
2014-12-24,26.1524,119598
2014-12-26,26.1744,119598
2014-12-29,26.4193,119598
2014-12-30,26.4866,119598
2014-12-31,26.6438,119598
2015-01-01,26.6758,119598
2015-01-02,26.9138,119598
2015-01-05,26.8047,119598
2015-01-06,26.1215,119598
2015-01-07,26.1409,119598
2015-01-08,26.4908,119598
2015-01-09,26.5737,119598
2015-01-12,26.7079,119598
2015-01-13,26.712,119598
2015-01-14,26.6967,119598
2015-01-15,27.2076,119598
2015-01-16,27.3001,119598
2015-01-19,27.4481,119598
2015-01-20,27.6768,119598
2015-01-21,27.8192,119598
2015-01-22,27.9673,119598
2015-01-23,28.101,119598
2015-01-27,28.4281,119598
2015-01-28,28.5092,119598
2015-01-29,28.5667,119598
2015-01-30,28.3219,119598
2015-02-02,28.3239,119598
2015-02-03,28.3037,119598
2015-02-04,28.1731,119598
2015-02-05,28.1276,119598
2015-02-06,27.8872,119598
2015-02-09,27.5892,119598
2015-02-10,27.7591,119598
2015-02-11,28.0447,119598
2015-02-12,28.3735,119598
2015-02-13,28.6737,119598
2015-02-16,28.6277,119598
2015-02-18,28.889,119598
2015-02-19,29.0107,119598
2015-02-20,28.912,119598
2015-02-23,28.6898,119598
2015-02-24,28.6355,119598
2015-02-25,28.5924,119598
2015-02-26,28.2795,119598
2015-02-27,28.7206,119598
2015-03-02,29.3099,119598
2015-03-03,29.5172,119598
2015-03-04,29.2872,119598
2015-03-05,29.4828,119598
2015-03-09,29.1288,119598
2015-03-10,29.0342,119598
2015-03-11,29.0591,119598
2015-03-12,29.2876,119598
2015-03-13,28.9782,119598
2015-03-16,28.9627,119598
2015-03-17,29.1834,119598
2015-03-18,29.1526,119598
2015-03-19,29.103,119598
2015-03-20,28.8109,119598
2015-03-23,28.6686,119598
2015-03-24,28.5991,119598
2015-03-25,28.5653,119598
2015-03-26,28.1201,119598
2015-03-27,28.1487,119598
2015-03-30,28.6631,119598
2015-03-31,28.7501,119598
2015-04-01,29.0819,119598
2015-04-06,29.3904,119598
2015-04-07,29.4392,119598
2015-04-08,29.6291,119598
2015-04-09,29.6844,119598
2015-04-10,29.7316,119598
2015-04-13,29.8556,119598
2015-04-15,29.6622,119598
2015-04-16,29.4988,119598
2015-04-17,29.0867,119598
2015-04-20,28.6257,119598
2015-04-21,28.3311,119598
2015-04-22,28.4358,119598
2015-04-23,28.3149,119598
2015-04-24,28.0519,119598
2015-04-27,27.6104,119598
2015-04-28,27.9833,119598
2015-04-29,28.0388,119598
2015-04-30,27.955,119598
2015-05-04,28.2306,119598
2015-05-05,28.2553,119598
2015-05-06,27.5035,119598
2015-05-07,27.2367,119598
2015-05-08,27.6997,119598
2015-05-11,28.1619,119598
2015-05-12,27.6393,119598
2015-05-13,27.9161,119598
2015-05-14,27.9714,119598
2015-05-15,28.102,119598
2015-05-18,28.345,119598
2015-05-19,28.3559,119598
2015-05-20,28.4204,119598
2015-05-21,28.5025,119598
2015-05-22,28.6055,119598
2015-05-25,28.4605,119598
2015-05-26,28.4853,119598
2015-05-27,28.4516,119598
2015-05-28,28.3657,119598
2015-05-29,28.7173,119598
2015-06-01,28.5934,119598
2015-06-02,28.1239,119598
2015-06-03,27.9008,119598
2015-06-04,27.9607,119598
2015-06-05,27.9508,119598
2015-06-08,27.6322,119598
2015-06-09,27.5623,119598
2015-06-10,27.8992,119598
2015-06-11,27.452,119598
2015-06-12,27.4822,119598
2015-06-15,27.562,119598
2015-06-16,27.6509,119598
2015-06-17,27.8761,119598
2015-06-18,28.1959,119598
2015-06-19,28.3903,119598
2015-06-22,28.734,119598
2015-06-23,28.8828,119598
2015-06-24,28.7913,119598
2015-06-25,28.9342,119598
2015-06-26,28.9371,119598
2015-06-29,28.6235,119598
2015-06-30,28.8831,119598
2015-07-01,29.1651,119598
2015-07-02,29.1958,119598
2015-07-03,29.3001,119598
2015-07-06,29.4507,119598
2015-07-07,29.5365,119598
2015-07-08,29.1669,119598
2015-07-09,29.04,119598
2015-07-10,29.1793,119598
2015-07-13,29.4519,119598
2015-07-14,29.4545,119598
2015-07-15,29.6214,119598
2015-07-16,29.8501,119598
2015-07-17,29.9389,119598
2015-07-20,30.009,119598
2015-07-21,29.6305,119598
2015-07-22,29.8713,119598
2015-07-23,29.8411,119598
2015-07-24,29.6943,119598
2015-07-27,29.2909,119598
2015-07-28,29.3226,119598
2015-07-29,29.4917,119598
2015-07-30,29.579,119598
2015-07-31,29.8677,119598
2015-08-03,29.8818,119598
2015-08-04,29.8952,119598
2015-08-05,30.0632,119598
2015-08-06,30.104,119598
2015-08-07,30.0408,119598
2015-08-10,29.9659,119598
2015-08-11,29.816,119598
2015-08-12,29.392,119598
2015-08-13,29.4421,119598
2015-08-14,29.9387,119598
2015-08-17,29.8774,119598
2015-08-18,29.9827,119598
2015-08-19,30.1036,119598
2015-08-20,29.6906,119598
2015-08-21,29.5159,119598
2015-08-24,27.8396,119598
2015-08-25,28.0595,119598
2015-08-26,27.8364,119598
2015-08-27,28.3184,119598
2015-08-28,28.3734,119598
2015-08-31,28.2716,119598
2015-09-01,27.7623,119598
2015-09-02,27.69,119598
2015-09-03,28.031,119598
2015-09-04,27.4669,119598
2015-09-07,27.0577,119598
2015-09-08,27.422,119598
2015-09-09,27.798,119598
2015-09-10,27.7703,119598
2015-09-11,27.7963,119598
2015-09-14,28.0266,119598
2015-09-15,27.9028,119598
2015-09-16,28.0543,119598
2015-09-18,28.283,119598
2015-09-21,28.2944,119598
2015-09-22,27.8104,119598
2015-09-23,27.984,119598
2015-09-24,28.0353,119598
2015-09-28,27.7749,119598
2015-09-29,27.9228,119598
2015-09-30,28.2507,119598
2015-10-01,28.3497,119598
2015-10-05,28.8295,119598
2015-10-06,28.8995,119598
2015-10-07,28.9322,119598
2015-10-08,28.7252,119598
2015-10-09,28.7227,119598
2015-10-12,28.6166,119598
2015-10-13,28.6144,119598
2015-10-14,28.557,119598
2015-10-15,28.7635,119598
2015-10-16,28.9077,119598
2015-10-19,29.1196,119598
2015-10-20,29.1826,119598
2015-10-21,29.1262,119598
2015-10-23,29.1322,119598
2015-10-26,29.0347,119598
2015-10-27,29.0818,119598
2015-10-28,28.9369,119598
2015-10-29,28.8603,119598
2015-10-30,28.7866,119598
2015-11-02,28.7778,119598
2015-11-03,28.8922,119598
2015-11-04,28.8858,119598
2015-11-05,28.5303,119598
2015-11-06,28.5951,119598
2015-11-09,28.5624,119598
2015-11-10,28.1649,119598
2015-11-13,28.2424,119598
2015-11-16,28.291,119598
2015-11-17,28.3618,119598
2015-11-18,28.1022,119598
2015-11-19,28.4424,119598
2015-11-20,28.5916,119598
2015-11-23,28.5313,119598
2015-11-24,28.4582,119598
2015-11-26,28.6569,119598
2015-11-27,28.8209,119598
2015-11-30,28.789,119598
2015-12-01,28.7991,119598
2015-12-02,28.7456,119598
2015-12-03,28.5895,119598
2015-12-04,28.4998,119598
2015-12-07,28.4829,119598
2015-12-08,28.284,119598
2015-12-09,27.9747,119598
2015-12-10,28.1379,119598
2015-12-11,27.9409,119598
2015-12-14,28.0841,119598
2015-12-15,28.2752,119598
2015-12-16,28.3416,119598
2015-12-17,28.6824,119598
2015-12-18,28.5172,119598
2015-12-21,28.6481,119598
2015-12-22,28.5311,119598
2015-12-23,28.7439,119598
2015-12-24,28.7484,119598
2015-12-28,28.936,119598
2015-12-29,28.9596,119598
2015-12-30,28.8692,119598
2015-12-31,29.0384,119598
2016-01-01,29.135,119598
2016-01-04,28.6307,119598
2016-01-05,28.6138,119598
2016-01-06,28.5369,119598
2016-01-07,28.0014,119598
2016-01-08,28.1561,119598
2016-01-11,28.0613,119598
2016-01-12,27.9055,119598
2016-01-13,28.0028,119598
2016-01-14,27.8095,119598
2016-01-15,27.4624,119598
2016-01-18,27.0218,119598
2016-01-19,27.3063,119598
2016-01-20,26.861,119598
2016-01-21,26.7922,119598
2016-01-22,27.2778,119598
2016-01-25,27.3863,119598
2016-01-27,27.4773,119598
2016-01-28,27.4531,119598
2016-01-29,28.0263,119598
2016-02-01,28.0128,119598
2016-02-02,27.626,119598
2016-02-03,27.422,119598
2016-02-04,27.5106,119598
2016-02-05,27.8112,119598
2016-02-08,27.5753,119598
2016-02-09,27.1098,119598
2016-02-10,26.908,119598
2016-02-11,26.0601,119598
2016-02-12,26.042,119598
2016-02-15,26.7518,119598
2016-02-16,26.2487,119598
2016-02-17,26.4815,119598
2016-02-18,26.6769,119598
2016-02-19,26.6592,119598
2016-02-22,26.7732,119598
2016-02-23,26.3284,119598
2016-02-24,26.0081,119598
2016-02-25,25.7961,119598
2016-02-26,25.9393,119598
2016-02-29,25.9155,119598
2016-03-01,26.6763,119598
2016-03-02,27.1198,119598
2016-03-03,27.4609,119598
2016-03-04,27.4945,119598
2016-03-08,27.481,119598
2016-03-09,27.6736,119598
2016-03-10,27.5035,119598
2016-03-11,27.6151,119598
2016-03-14,27.695,119598
2016-03-15,27.5103,119598
2016-03-16,27.5058,119598
2016-03-17,27.6214,119598
2016-03-18,27.8746,119598
2016-03-21,28.2876,119598
2016-03-22,28.3977,119598
2016-03-23,28.4204,119598
2016-03-28,28.0169,119598
2016-03-29,28.0553,119598
2016-03-30,28.4743,119598
2016-03-31,28.605,119598
2016-04-01,28.5074,119598
2016-04-04,28.6447,119598
2016-04-05,28.2315,119598
2016-04-06,28.3031,119598
2016-04-07,28.2023,119598
2016-04-08,28.2818,119598
2016-04-11,28.5931,119598
2016-04-12,28.8001,119598
2016-04-13,29.2125,119598
2016-04-18,29.5125,119598
2016-04-20,29.4635,119598
2016-04-21,29.3771,119598
2016-04-22,29.3772,119598
2016-04-25,29.2461,119598
2016-04-26,29.565,119598
2016-04-27,29.62,119598
2016-04-28,29.2553,119598
2016-04-29,29.241,119598
2016-05-02,29.4645,119598
2016-05-03,29.3199,119598
2016-05-04,29.2005,119598
2016-05-05,29.2244,119598
2016-05-06,29.239,119598
2016-05-09,29.592,119598
2016-05-10,29.6382,119598
2016-05-11,29.6277,119598
2016-05-12,29.804,119598
2016-05-13,29.5669,119598
2016-05-16,29.6402,119598
2016-05-17,29.7588,119598
2016-05-18,29.6773,119598
2016-05-19,29.392,119598
2016-05-20,29.3002,119598
2016-05-23,29.1542,119598
2016-05-24,29.161,119598
2016-05-25,29.7389,119598
2016-05-26,30.0981,119598
2016-05-27,30.4815,119598
2016-05-30,30.5835,119598
2016-05-31,30.5375,119598
2016-06-01,30.5479,119598
2016-06-02,30.6956,119598
2016-06-03,30.6997,119598
2016-06-06,30.7059,119598
2016-06-07,30.8914,119598
2016-06-08,30.987,119598
2016-06-09,30.8044,119598
2016-06-10,30.6416,119598
2016-06-13,30.531,119598
2016-06-14,30.5113,119598
2016-06-15,30.7332,119598
2016-06-16,30.5179,119598
2016-06-17,30.5452,119598
2016-06-20,30.787,119598
2016-06-21,30.7561,119598
2016-06-22,30.6532,119598
2016-06-23,30.8415,119598
2016-06-24,30.2867,119598
2016-06-27,30.4343,119598
2016-06-28,30.5327,119598
2016-06-29,30.7557,119598
2016-06-30,30.9969,119598
2016-07-01,31.2198,119598
2016-07-04,31.3592,119598
2016-07-05,31.2805,119598
2016-07-07,31.214,119598
2016-07-08,31.1946,119598
2016-07-11,31.6405,119598
2016-07-12,31.7607,119598
2016-07-13,31.6841,119598
2016-07-14,31.7988,119598
2016-07-15,31.7134,119598
2016-07-18,31.6143,119598
2016-07-19,31.6873,119598
2016-07-20,31.9427,119598
2016-07-21,31.916,119598
2016-07-22,32.0852,119598
2016-07-25,32.3757,119598
2016-07-26,32.2346,119598
2016-07-27,32.46,119598
2016-07-28,32.6266,119598
2016-07-29,32.7243,119598
2016-08-01,32.8699,119598
2016-08-02,32.7252,119598
2016-08-03,32.3494,119598
2016-08-04,32.3906,119598
2016-08-05,32.9253,119598
2016-08-08,33.1065,119598
2016-08-09,32.9537,119598
2016-08-10,32.5056,119598
2016-08-11,32.4592,119598
2016-08-12,32.6221,119598
2016-08-16,32.5813,119598
2016-08-17,32.6338,119598
2016-08-18,32.8352,119598
2016-08-19,32.8536,119598
2016-08-22,32.6682,119598
2016-08-23,32.5925,119598
2016-08-24,32.7983,119598
2016-08-25,32.5623,119598
2016-08-26,32.642,119598
2016-08-29,32.6669,119598
2016-08-30,33.073,119598
2016-08-31,33.249,119598
2016-09-01,33.0992,119598
2016-09-02,33.2028,119598
2016-09-06,33.6404,119598
2016-09-07,33.5593,119598
2016-09-08,33.7228,119598
2016-09-09,33.5324,119598
2016-09-12,33.0088,119598
2016-09-14,33.1134,119598
2016-09-15,33.1545,119598
2016-09-16,33.3089,119598
2016-09-19,33.3631,119598
2016-09-20,33.2631,119598
2016-09-21,33.2933,119598
2016-09-22,33.6758,119598
2016-09-23,33.6695,119598
2016-09-26,33.4043,119598
2016-09-27,33.4059,119598
2016-09-28,33.4814,119598
2016-09-29,32.8152,119598
2016-09-30,33.1149,119598
2016-10-03,33.7342,119598
2016-10-04,33.8119,119598
2016-10-05,33.8215,119598
2016-10-06,33.7114,119598
2016-10-07,33.6235,119598
2016-10-10,33.6265,119598
2016-10-13,33.2041,119598
2016-10-14,33.4151,119598
2016-10-17,33.05,119598
2016-10-18,33.4934,119598
2016-10-19,33.5108,119598
2016-10-20,33.5072,119598
2016-10-21,33.5867,119598
2016-10-24,33.6032,119598
2016-10-25,33.503,119598
2016-10-26,33.2654,119598
2016-10-27,33.1535,119598
2016-10-28,33.4103,119598
2016-11-01,33.4278,119598
2016-11-02,32.9949,119598
2016-11-03,32.8213,119598
2016-11-04,32.4527,119598
2016-11-07,32.6819,119598
2016-11-08,32.7762,119598
2016-11-09,32.2827,119598
2016-11-10,32.6232,119598
2016-11-11,31.6698,119598
2016-11-15,30.738,119598
2016-11-16,30.8318,119598
2016-11-17,30.6778,119598
2016-11-18,30.6793,119598
2016-11-21,30.2149,119598
2016-11-22,30.52,119598
2016-11-23,30.6556,119598
2016-11-24,30.4135,119598
2016-11-25,30.9699,119598
2016-11-28,31.0528,119598
2016-11-29,31.1703,119598
2016-11-30,31.4484,119598
2016-12-01,31.3071,119598
2016-12-02,30.9349,119598
2016-12-05,31.0459,119598
2016-12-06,31.124,119598
2016-12-07,30.9986,119598
2016-12-08,31.4665,119598
2016-12-09,31.4627,119598
2016-12-12,31.1241,119598
2016-12-13,31.0993,119598
2016-12-14,30.8867,119598
2016-12-15,30.8012,119598
2016-12-16,30.7936,119598
2016-12-19,30.6533,119598
2016-12-20,30.5118,119598
2016-12-21,30.5331,119598
2016-12-22,30.2203,119598
2016-12-23,30.1451,119598
2016-12-26,29.7547,119598
2016-12-27,30.1999,119598
2016-12-28,30.2315,119598
2016-12-29,30.5602,119598
2016-12-30,30.8149,119598
2017-01-02,30.933,119598
2017-01-03,31.0524,119598
2017-01-04,31.0734,119598
2017-01-05,31.3376,119598
2017-01-06,31.2019,119598
2017-01-09,31.248,119598
2017-01-10,31.4759,119598
2017-01-11,31.8227,119598
2017-01-12,31.8631,119598
2017-01-13,31.8195,119598
2017-01-16,31.8523,119598
2017-01-17,31.822,119598
2017-01-18,31.9666,119598
2017-01-19,31.9755,119598
2017-01-20,31.6684,119598
2017-01-23,31.7935,119598
2017-01-24,32.1497,119598
2017-01-25,32.54,119598
2017-01-27,32.6592,119598
2017-01-30,32.6255,119598
2017-01-31,32.3015,119598
2017-02-01,32.8745,119598
2017-02-02,32.9766,119598
2017-02-03,33.0854,119598
2017-02-06,33.3087,119598
2017-02-07,33.1915,119598
2017-02-08,33.263,119598
2017-02-09,33.3216,119598
2017-02-10,33.3403,119598
2017-02-13,33.3174,119598
2017-02-14,33.1401,119598
2017-02-15,32.7811,119598
2017-02-16,33.0925,119598
2017-02-17,33.3343,119598
2017-02-20,33.546,119598
2017-02-21,33.6995,119598
2017-02-22,33.5952,119598
2017-02-23,33.5977,119598
2017-02-27,33.5191,119598
2017-02-28,33.4754,119598
2017-03-01,33.6543,119598
2017-03-02,33.3634,119598
2017-03-03,33.3971,119598
2017-03-06,33.6026,119598
2017-03-07,33.5928,119598
2017-03-08,33.5105,119598
2017-03-09,33.5326,119598
2017-03-10,33.5097,119598
2017-03-14,34.0355,119598
2017-03-15,34.124,119598
2017-03-16,34.3995,119598
2017-03-17,34.4161,119598
2017-03-20,34.4638,119598
2017-03-21,34.3927,119598
2017-03-22,34.0725,119598
2017-03-23,34.2995,119598
2017-03-24,34.3399,119598
2017-03-27,34.2098,119598
2017-03-28,34.4066,119598
2017-03-29,34.4737,119598
2017-03-30,34.6133,119598
2017-03-31,34.7876,119598
2017-04-03,34.9528,119598
2017-04-05,35.1184,119598
2017-04-06,35.1175,119598
2017-04-07,34.9758,119598
2017-04-10,35.0289,119598
2017-04-11,35.1962,119598
2017-04-12,35.1097,119598
2017-04-13,34.9607,119598
2017-04-17,34.904,119598
2017-04-18,34.842,119598
2017-04-19,34.886,119598
2017-04-20,35.0393,119598
2017-04-21,35.0427,119598
2017-04-24,35.4301,119598
2017-04-25,35.6827,119598
2017-04-26,35.7644,119598
2017-04-27,35.7668,119598
2017-04-28,35.7292,119598
2017-05-02,35.7559,119598
2017-05-03,35.6665,119598
2017-05-04,35.7304,119598
2017-05-05,35.5042,119598
2017-05-08,35.6246,119598
2017-05-09,35.6425,119598
2017-05-10,36.005,119598
2017-05-11,36.0923,119598
2017-05-12,36.0,119598
2017-05-15,36.089,119598
2017-05-16,36.2676,119598
2017-05-17,36.2763,119598
2017-05-18,35.7955,119598
2017-05-19,35.6713,119598
2017-05-22,35.5881,119598
2017-05-23,35.3131,119598
2017-05-24,35.0748,119598
2017-05-25,35.6779,119598
2017-05-26,36.1765,119598
2017-05-29,36.055,119598
2017-05-30,36.1714,119598
2017-05-31,36.39,119598
2017-06-01,36.4582,119598
2017-06-02,36.5855,119598
2017-06-05,36.7351,119598
2017-06-06,36.5548,119598
2017-06-07,36.6916,119598
2017-06-08,36.7172,119598
2017-06-09,36.8007,119598
2017-06-12,36.6026,119598
2017-06-13,36.6286,119598
2017-06-14,36.6663,119598
2017-06-15,36.5616,119598
2017-06-16,36.6303,119598
2017-06-19,36.7903,119598
2017-06-20,36.8016,119598
2017-06-21,36.7437,119598
2017-06-22,36.6759,119598
2017-06-23,36.3662,119598
2017-06-27,36.1719,119598
2017-06-28,36.099,119598
2017-06-29,36.1479,119598
2017-06-30,36.2961,119598
2017-07-03,36.6022,119598
2017-07-04,36.5896,119598
2017-07-05,36.7995,119598
2017-07-06,36.8962,119598
2017-07-07,36.8452,119598
2017-07-10,37.0952,119598
2017-07-11,37.0867,119598
2017-07-12,37.2397,119598
2017-07-13,37.5727,119598
2017-07-14,37.626,119598
2017-07-17,37.6625,119598
2017-07-18,37.3125,119598
2017-07-19,37.6438,119598
2017-07-20,37.4806,119598
2017-07-21,37.573,119598
2017-07-24,37.6735,119598
2017-07-25,37.749,119598
2017-07-26,37.8403,119598
2017-07-27,37.8746,119598
2017-07-28,37.8716,119598
2017-07-31,38.1312,119598
2017-08-01,38.3406,119598
2017-08-02,38.2746,119598
2017-08-03,38.0061,119598
2017-08-04,38.3863,119598
2017-08-07,38.5638,119598
2017-08-08,38.2191,119598
2017-08-09,37.7944,119598
2017-08-10,37.3402,119598
2017-08-11,37.0192,119598
2017-08-14,37.5591,119598
2017-08-16,37.8958,119598
2017-08-17,37.855,119598
2017-08-18,37.6098,119598
2017-08-21,37.2491,119598
2017-08-22,37.2443,119598
2017-08-23,37.555,119598
2017-08-24,37.6774,119598
2017-08-28,37.9375,119598
2017-08-29,37.5199,119598
2017-08-30,37.9647,119598
2017-08-31,38.0634,119598
2017-09-01,38.2653,119598
2017-09-04,37.9711,119598
2017-09-05,38.1998,119598
2017-09-06,38.1513,119598
2017-09-07,38.3193,119598
2017-09-08,38.2655,119598
2017-09-11,38.6218,119598
2017-09-12,39.0268,119598
2017-09-13,38.7772,119598
2017-09-14,38.8007,119598
2017-09-15,38.8026,119598
2017-09-18,39.0208,119598
2017-09-19,38.9802,119598
2017-09-20,38.9378,119598
2017-09-21,38.8104,119598
2017-09-22,38.0614,119598
2017-09-25,37.4944,119598
2017-09-26,37.4644,119598
2017-09-27,36.9351,119598
2017-09-28,37.1047,119598
2017-09-29,37.3634,119598
2017-10-03,37.6371,119598
2017-10-04,37.7525,119598
2017-10-05,37.6913,119598
2017-10-06,37.9992,119598
2017-10-09,37.979,119598
2017-10-10,38.0999,119598
2017-10-11,37.9892,119598
2017-10-12,38.407,119598
2017-10-13,38.5273,119598
2017-10-16,38.673,119598
2017-10-17,38.7979,119598
2017-10-18,38.726,119598
2017-10-23,38.605,119598
2017-10-24,38.6678,119598
2017-10-25,38.7132,119598
2017-10-26,38.8103,119598
2017-10-27,38.8428,119598
2017-10-30,39.152,119598
2017-10-31,39.1188,119598
2017-11-01,39.3923,119598
2017-11-02,39.4881,119598
2017-11-03,39.5534,119598
2017-11-06,39.7352,119598
2017-11-07,39.3208,119598
2017-11-08,39.1201,119598
2017-11-09,39.2412,119598
2017-11-10,39.2663,119598
2017-11-13,39.0515,119598
2017-11-14,38.9346,119598
2017-11-15,38.6694,119598
2017-11-16,38.9663,119598
2017-11-17,39.3117,119598
2017-11-20,39.4146,119598
2017-11-21,39.5616,119598
2017-11-22,39.5853,119598
2017-11-23,39.5839,119598
2017-11-24,39.6858,119598
2017-11-27,39.7925,119598
2017-11-28,39.7607,119598
2017-11-29,39.8143,119598
2017-11-30,39.3942,119598
2017-12-01,39.1305,119598
2017-12-04,39.0504,119598
2017-12-05,39.0088,119598
2017-12-06,38.6372,119598
2017-12-07,39.1341,119598
2017-12-08,39.5916,119598
2017-12-11,39.8014,119598
2017-12-12,39.4522,119598
2017-12-13,39.2751,119598
2017-12-14,39.424,119598
2017-12-15,39.7941,119598
2017-12-18,39.9855,119598
2017-12-19,40.3423,119598
2017-12-20,40.3808,119598
2017-12-21,40.3873,119598
2017-12-22,40.5661,119598
2017-12-26,40.6304,119598
2017-12-27,40.5131,119598
2017-12-28,40.4601,119598
2017-12-29,40.5878,119598
2018-01-01,40.37,119598
2018-01-02,40.286,119598
2018-01-03,40.3487,119598
2018-01-04,40.6383,119598
2018-01-05,40.8094,119598
2018-01-08,41.1324,119598
2018-01-09,41.091,119598
2018-01-10,40.95,119598
2018-01-11,40.9891,119598
2018-01-12,41.0028,119598
2018-01-15,41.1095,119598
2018-01-16,40.8303,119598
2018-01-17,41.1353,119598
2018-01-18,41.0594,119598
2018-01-19,41.291,119598
2018-01-22,41.3983,119598
2018-01-23,41.6117,119598
2018-01-24,41.5188,119598
2018-01-25,41.3073,119598
2018-01-29,41.4514,119598
2018-01-30,41.1831,119598
2018-01-31,41.0463,119598
2018-02-01,41.1714,119598
2018-02-02,40.0677,119598
2018-02-05,39.7675,119598
2018-02-06,39.2315,119598
2018-02-07,39.3257,119598
2018-02-08,39.7258,119598
2018-02-09,39.3902,119598
2018-02-12,39.7554,119598
2018-02-14,39.7243,119598
2018-02-15,39.7438,119598
2018-02-16,39.409,119598
2018-02-19,39.059,119598
2018-02-20,38.97,119598
2018-02-21,38.9813,119598
2018-02-22,38.9014,119598
2018-02-23,39.4091,119598
2018-02-26,39.9194,119598
2018-02-27,39.8297,119598
2018-02-28,39.6838,119598
2018-03-01,39.5256,119598
2018-03-05,39.2653,119598
2018-03-06,38.8559,119598
2018-03-07,38.4825,119598
2018-03-08,38.7595,119598
2018-03-09,38.739,119598
2018-03-12,39.3005,119598
2018-03-13,39.4677,119598
2018-03-14,39.4289,119598
2018-03-15,39.4178,119598
2018-03-16,38.928,119598
2018-03-19,38.5416,119598
2018-03-20,38.6806,119598
2018-03-21,38.7823,119598
2018-03-22,38.5903,119598
2018-03-23,38.2003,119598
2018-03-26,38.8001,119598
2018-03-27,39.1908,119598
2018-03-28,39.0107,119598
2018-04-02,39.5184,119598
2018-04-03,39.7883,119598
2018-04-04,39.2531,119598
2018-04-05,40.0059,119598
2018-04-06,40.1021,119598
2018-04-09,40.3132,119598
2018-04-10,40.3471,119598
2018-04-11,40.296,119598
2018-04-12,40.3781,119598
2018-04-13,40.3785,119598
2018-04-16,40.6486,119598
2018-04-17,40.7474,119598
2018-04-18,40.6038,119598
2018-04-19,40.8015,119598
2018-04-20,40.6853,119598
2018-04-23,40.8613,119598
2018-04-24,40.9258,119598
2018-04-25,40.7643,119598
2018-04-26,40.8991,119598
2018-04-27,41.0825,119598
2018-04-30,41.3129,119598
2018-05-02,41.0297,119598
2018-05-03,40.7105,119598
2018-05-04,40.4895,119598
2018-05-07,40.8425,119598
2018-05-08,40.8213,119598
2018-05-09,40.7644,119598
2018-05-10,40.594,119598
2018-05-11,40.9461,119598
2018-05-14,40.8448,119598
2018-05-15,40.7449,119598
2018-05-16,40.4632,119598
2018-05-17,40.3125,119598
2018-05-18,39.8571,119598
2018-05-21,39.4297,119598
2018-05-22,39.5976,119598
2018-05-23,39.2701,119598
2018-05-24,39.475,119598
2018-05-25,40.0021,119598
2018-05-28,40.4839,119598
2018-05-29,40.2233,119598
2018-05-30,40.1325,119598
2018-05-31,40.4371,119598
2018-06-01,40.233,119598
2018-06-04,39.9634,119598
2018-06-05,39.7106,119598
2018-06-06,40.1525,119598
2018-06-07,40.3916,119598
2018-06-08,40.3576,119598
2018-06-11,40.4191,119598
2018-06-12,40.6473,119598
2018-06-13,40.551,119598
2018-06-14,40.4903,119598
2018-06-15,40.3918,119598
2018-06-18,40.3103,119598
2018-06-19,39.9949,119598
2018-06-20,40.1072,119598
2018-06-21,39.9291,119598
2018-06-22,40.2039,119598
2018-06-25,39.8778,119598
2018-06-26,39.9209,119598
2018-06-27,39.4568,119598
2018-06-28,39.0771,119598
2018-06-29,39.4868,119598
2018-07-02,39.2032,119598
2018-07-03,39.4108,119598
2018-07-04,39.5158,119598
2018-07-05,39.4725,119598
2018-07-06,39.597,119598
2018-07-09,39.8536,119598
2018-07-10,40.2034,119598
2018-07-11,39.9197,119598
2018-07-12,40.0382,119598
2018-07-13,39.947,119598
2018-07-16,39.5155,119598
2018-07-17,39.9913,119598
2018-07-18,39.8161,119598
2018-07-19,39.555,119598
2018-07-20,39.7702,119598
2018-07-23,40.1246,119598
2018-07-24,40.4625,119598
2018-07-25,40.4462,119598
2018-07-26,40.7181,119598
2018-07-27,41.085,119598
2018-07-30,41.1984,119598
2018-07-31,41.3079,119598
2018-08-01,41.3099,119598
2018-08-02,41.0117,119598
2018-08-03,41.2313,119598
2018-08-06,41.3099,119598
2018-08-07,41.2406,119598
2018-08-08,41.3776,119598
2018-08-09,41.3858,119598
2018-08-10,41.2722,119598
2018-08-13,41.0278,119598
2018-08-14,41.2547,119598
2018-08-16,41.044,119598
2018-08-17,41.4386,119598
2018-08-20,41.7892,119598
2018-08-21,41.827,119598
2018-08-23,41.8101,119598
2018-08-24,41.6485,119598
2018-08-27,42.0534,119598
2018-08-28,42.1169,119598
2018-08-29,42.0963,119598
2018-08-30,42.1133,119598
2018-08-31,42.252,119598
2018-09-03,42.0538,119598
2018-09-04,41.4547,119598
2018-09-05,41.1725,119598
2018-09-06,41.3395,119598
2018-09-07,41.6283,119598
2018-09-10,40.9791,119598
2018-09-11,40.3946,119598
2018-09-12,40.6412,119598
2018-09-14,41.2969,119598
2018-09-17,40.8324,119598
2018-09-18,40.4405,119598
2018-09-19,40.241,119598
2018-09-21,39.8429,119598
2018-09-24,38.8677,119598
2018-09-25,39.316,119598
2018-09-26,39.3703,119598
2018-09-27,38.9374,119598
2018-09-28,38.632,119598
2018-10-01,38.8003,119598
2018-10-03,38.3086,119598
2018-10-04,37.5915,119598
2018-10-05,36.5693,119598
2018-10-08,36.449,119598
2018-10-09,36.2935,119598
2018-10-10,37.0557,119598
2018-10-11,36.2729,119598
2018-10-12,37.1307,119598
2018-10-15,37.2435,119598
2018-10-16,37.5182,119598
2018-10-17,37.0276,119598
2018-10-19,36.702,119598
2018-10-22,36.5676,119598
2018-10-23,36.2092,119598
2018-10-24,36.5746,119598
2018-10-25,36.2238,119598
2018-10-26,36.0379,119598
2018-10-29,36.8149,119598
2018-10-30,36.7555,119598
2018-10-31,37.4795,119598
2018-11-01,37.6531,119598
2018-11-02,38.3616,119598
2018-11-05,38.3097,119598
2018-11-06,38.225,119598
2018-11-09,38.623,119598
2018-11-12,38.1302,119598
2018-11-13,38.4275,119598
2018-11-14,38.3869,119598
2018-11-15,38.521,119598
2018-11-16,38.7483,119598
2018-11-19,38.9387,119598
2018-11-20,38.5878,119598
2018-11-21,38.5962,119598
2018-11-22,38.3438,119598
2018-11-26,38.6395,119598
2018-11-27,38.7599,119598
2018-11-28,38.7012,119598
2018-11-29,39.1089,119598
2018-11-30,39.1751,119598
2018-12-03,39.056,119598
2018-12-04,38.9836,119598
2018-12-05,38.5315,119598
2018-12-06,37.9522,119598
2018-12-07,38.2026,119598
2018-12-10,37.5795,119598
2018-12-11,37.811,119598
2018-12-12,38.6458,119598
2018-12-13,38.9269,119598
2018-12-14,38.9129,119598
2018-12-17,39.1717,119598
2018-12-18,39.2883,119598
2018-12-19,39.572,119598
2018-12-20,39.6448,119598
2018-12-21,39.0245,119598
2018-12-24,38.6496,119598
2018-12-26,38.8484,119598
2018-12-27,38.9596,119598
2018-12-28,39.3128,119598
2018-12-31,39.3292,119598
2019-01-01,39.4101,119598
2019-01-02,39.0522,119598
2019-01-03,38.624,119598
2019-01-04,38.7636,119598
2019-01-07,38.8535,119598
2019-01-08,38.9681,119598
2019-01-09,39.1856,119598
2019-01-10,39.2165,119598
2019-01-11,39.1278,119598
2019-01-14,38.9433,119598
2019-01-15,39.2608,119598
2019-01-16,39.2135,119598
2019-01-17,39.2477,119598
2019-01-18,39.0216,119598
2019-01-21,39.0483,119598
2019-01-22,38.9078,119598
2019-01-23,38.5183,119598
2019-01-24,38.5194,119598
2019-01-25,38.2749,119598
2019-01-28,37.8178,119598
2019-01-29,37.7756,119598
2019-01-30,37.914,119598
2019-01-31,38.4547,119598
2019-02-01,38.6033,119598
2019-02-04,38.4977,119598
2019-02-05,38.5678,119598
2019-02-06,38.9247,119598
2019-02-07,39.0809,119598
2019-02-08,38.6405,119598
2019-02-11,38.2703,119598
2019-02-12,38.0625,119598
2019-02-13,37.929,119598
2019-02-14,37.7724,119598
2019-02-15,37.5736,119598
2019-02-18,37.2654,119598
2019-02-19,37.2723,119598
2019-02-20,37.6922,119598
2019-02-21,37.899,119598
2019-02-22,38.023,119598
2019-02-25,38.3826,119598
2019-02-26,38.2575,119598
2019-02-27,38.292,119598
2019-02-28,38.3432,119598
2019-03-01,38.6217,119598
2019-03-05,39.2231,119598
2019-03-06,39.4911,119598
2019-03-07,39.4673,119598
2019-03-08,39.4359,119598
2019-03-11,40.0264,119598
2019-03-12,40.3494,119598
2019-03-13,40.4751,119598
2019-03-14,40.4347,119598
2019-03-15,40.7199,119598
2019-03-18,40.797,119598
2019-03-19,40.9898,119598
2019-03-20,40.9083,119598
2019-03-22,40.7309,119598
2019-03-25,40.3872,119598
2019-03-26,40.7814,119598
2019-03-27,40.8031,119598
2019-03-28,41.2192,119598
2019-03-29,41.4875,119598
2019-04-01,41.644,119598
2019-04-02,41.6136,119598
2019-04-03,41.3287,119598
2019-04-04,41.2505,119598
2019-04-05,41.487,119598
2019-04-08,41.2566,119598
2019-04-09,41.4771,119598
2019-04-10,41.2209,119598
2019-04-11,41.3152,119598
2019-04-12,41.5087,119598
2019-04-15,41.6703,119598
2019-04-16,42.0196,119598
2019-04-18,41.8101,119598
2019-04-22,41.2162,119598
2019-04-23,41.1094,119598
2019-04-24,41.524,119598
2019-04-25,41.388,119598
2019-04-26,41.7096,119598
2019-04-30,41.7626,119598
2019-05-02,41.6281,119598
2019-05-03,41.6448,119598
2019-05-06,41.2773,119598
2019-05-07,41.0275,119598
2019-05-08,40.6447,119598
2019-05-09,40.4692,119598
2019-05-10,40.3902,119598
2019-05-13,39.8652,119598
2019-05-14,40.0481,119598
2019-05-15,40.0242,119598
2019-05-16,40.2667,119598
2019-05-17,40.7385,119598
2019-05-20,42.2982,119598
2019-05-21,41.8632,119598
2019-05-22,42.0361,119598
2019-05-23,41.944,119598
2019-05-24,42.8152,119598
2019-05-27,43.3223,119598
2019-05-28,43.2905,119598
2019-05-29,42.9527,119598
2019-05-30,43.2369,119598
2019-05-31,43.2082,119598
2019-06-03,43.6088,119598
2019-06-04,43.4098,119598
2019-06-06,42.7049,119598
2019-06-07,42.8594,119598
2019-06-10,42.9712,119598
2019-06-11,43.1283,119598
2019-06-12,42.8352,119598
2019-06-13,42.9844,119598
2019-06-14,42.6883,119598
2019-06-17,42.1768,119598
2019-06-18,42.3698,119598
2019-06-19,42.2492,119598
2019-06-20,42.6956,119598
2019-06-21,42.4161,119598
2019-06-24,42.4252,119598
2019-06-25,42.7413,119598
2019-06-26,42.9305,119598
2019-06-27,43.0075,119598
2019-06-28,42.9341,119598
2019-07-01,43.1792,119598
2019-07-02,43.284,119598
2019-07-03,43.3131,119598
2019-07-04,43.4728,119598
2019-07-05,42.976,119598
2019-07-08,42.0128,119598
2019-07-09,42.1432,119598
2019-07-10,41.7893,119598
2019-07-11,42.0752,119598
2019-07-12,42.0436,119598
2019-07-15,42.0032,119598
2019-07-16,42.2405,119598
2019-07-17,42.3717,119598
2019-07-18,42.0304,119598
2019-07-19,41.421,119598
2019-07-22,41.1175,119598
2019-07-23,41.066,119598
2019-07-24,40.7669,119598
2019-07-25,40.8677,119598
2019-07-26,41.0423,119598
2019-07-29,40.7286,119598
2019-07-30,40.3886,119598
2019-07-31,40.6244,119598
2019-08-01,40.0827,119598
2019-08-02,39.9901,119598
2019-08-05,39.5093,119598
2019-08-06,39.9819,119598
2019-08-07,39.6318,119598
2019-08-08,40.1691,119598
2019-08-09,40.4949,119598
2019-08-13,39.5055,119598
2019-08-14,39.9217,119598
2019-08-16,40.0138,119598
2019-08-19,39.9985,119598
2019-08-20,39.8098,119598
2019-08-21,39.5694,119598
2019-08-22,38.9842,119598
2019-08-23,39.2341,119598
2019-08-26,40.0993,119598
2019-08-27,40.3792,119598
2019-08-28,40.272,119598
2019-08-29,39.9747,119598
2019-08-30,40.1581,119598
2019-09-03,39.4775,119598
2019-09-04,39.7635,119598
2019-09-05,39.7795,119598
2019-09-06,40.0923,119598
2019-09-09,40.3082,119598
2019-09-11,40.4395,119598
2019-09-12,40.3662,119598
2019-09-13,40.7418,119598
2019-09-16,40.446,119598
2019-09-17,39.731,119598
2019-09-18,39.8628,119598
2019-09-19,39.4365,119598
2019-09-20,41.6069,119598
2019-09-23,42.75,119598
2019-09-24,42.5449,119598
2019-09-25,41.9419,119598
2019-09-26,42.7153,119598
2019-09-27,42.5874,119598
2019-09-30,42.4192,119598
2019-10-01,42.0248,119598
2019-10-03,41.9213,119598
2019-10-04,41.3136,119598
2019-10-07,41.0956,119598
2019-10-09,41.7583,119598
2019-10-10,41.3603,119598
2019-10-11,41.5828,119598
2019-10-14,41.7633,119598
2019-10-15,42.0506,119598
2019-10-16,42.1378,119598
2019-10-17,42.5623,119598
2019-10-18,42.8287,119598
2019-10-22,42.8413,119598
2019-10-23,42.8893,119598
2019-10-24,42.8566,119598
2019-10-25,42.8985,119598
2019-10-29,43.5929,119598
2019-10-30,43.8908,119598
2019-10-31,43.8457,119598
2019-11-01,43.8438,119598
2019-11-04,43.8565,119598
2019-11-05,43.6352,119598
2019-11-06,43.887,119598
2019-11-07,43.9667,119598
2019-11-08,43.7014,119598
2019-11-11,43.8,119598
2019-11-13,43.4769,119598
2019-11-14,43.6666,119598
2019-11-15,43.8135,119598
2019-11-18,43.6909,119598
2019-11-19,43.733,119598
2019-11-20,43.8498,119598
2019-11-21,43.6845,119598
2019-11-22,43.5294,119598
2019-11-25,44.0276,119598
2019-11-26,43.9844,119598
2019-11-27,44.1156,119598
2019-11-28,44.2229,119598
2019-11-29,43.9312,119598
2019-12-02,43.8467,119598
2019-12-03,43.6393,119598
2019-12-04,43.7524,119598
2019-12-05,43.6265,119598
2019-12-06,43.2579,119598
2019-12-09,43.349,119598
2019-12-10,43.0594,119598
2019-12-11,43.1744,119598
2019-12-12,43.5285,119598
2019-12-13,43.9567,119598
2019-12-16,43.8381,119598
2019-12-17,44.0917,119598
2019-12-18,44.2562,119598
2019-12-19,44.3314,119598
2019-12-20,44.4676,119598
2019-12-23,44.3636,119598
2019-12-24,44.2442,119598
2019-12-26,44.008,119598
2019-12-27,44.4024,119598
2019-12-30,44.45,119598
2019-12-31,44.2325,119598
2020-01-01,44.2574,119598
2020-01-02,44.6484,119598
2020-01-03,44.3713,119598
2020-01-06,43.5184,119598
2020-01-07,43.7636,119598
2020-01-08,43.7077,119598
2020-01-09,44.4054,119598
2020-01-10,44.5881,119598
2020-01-13,44.8066,119598
2020-01-14,44.9,119598
2020-01-15,44.9114,119598
2020-01-16,45.0285,119598
2020-01-17,44.9569,119598
2020-01-20,44.5467,119598
2020-01-21,44.3,119598
2020-01-22,44.1933,119598
2020-01-23,44.633,119598
2020-01-24,45.0112,119598
2020-01-27,44.7343,119598
2020-01-28,44.5504,119598
2020-01-29,44.8418,119598
2020-01-30,44.572,119598
2020-01-31,44.3611,119598
2020-02-03,43.1412,119598
2020-02-04,44.0984,119598
2020-02-05,44.5834,119598
2020-02-06,44.8085,119598
2020-02-07,44.7394,119598
2020-02-10,44.319,119598
2020-02-11,44.5039,119598
2020-02-12,44.7122,119598
2020-02-13,44.5884,119598
2020-02-14,44.3462,119598
2020-02-17,44.0249,119598
2020-02-18,43.8626,119598
2020-02-19,44.3534,119598
2020-02-20,44.3041,119598
2020-02-24,43.436,119598
2020-02-25,43.2774,119598
2020-02-26,42.8508,119598
2020-02-27,42.6363,119598
2020-02-28,41.2981,119598
2020-03-02,41.076,119598
2020-03-03,41.7057,119598
2020-03-04,41.332,119598
2020-03-05,41.3667,119598
2020-03-06,40.519,119598
2020-03-09,39.0039,119598
2020-03-11,38.9105,119598
2020-03-12,35.702,119598
2020-03-13,36.8693,119598
2020-03-16,34.5136,119598
2020-03-17,33.7795,119598
2020-03-18,32.0292,119598
2020-03-19,31.1852,119598
2020-03-20,32.5202,119598
2020-03-23,28.3329,119598
2020-03-24,28.8656,119598
2020-03-25,30.643,119598
2020-03-26,31.7946,119598
2020-03-27,31.7481,119598
2020-03-30,30.5545,119598
2020-03-31,31.7215,119598
2020-04-01,30.5941,119598
2020-04-03,29.9846,119598
2020-04-07,32.302,119598
2020-04-08,32.3132,119598
2020-04-09,33.7305,119598
2020-04-13,33.3064,119598
2020-04-15,33.3214,119598
2020-04-16,33.7613,119598
2020-04-17,34.6718,119598
2020-04-20,34.5689,119598
2020-04-21,33.6302,119598
2020-04-22,34.1002,119598
2020-04-23,34.4706,119598
2020-04-24,33.7636,119598
2020-04-27,34.3585,119598
2020-04-28,34.6001,119598
2020-04-29,35.2403,119598
2020-04-30,36.2242,119598
2020-05-04,34.2619,119598
2020-05-05,33.9496,119598
2020-05-06,34.2533,119598
2020-05-07,33.9274,119598
2020-05-08,34.0683,119598
2020-05-11,34.1246,119598
2020-05-12,34.1266,119598
2020-05-13,34.7304,119598
2020-05-14,33.9682,119598
2020-05-15,33.8434,119598
2020-05-18,32.4856,119598
2020-05-19,32.6679,119598
2020-05-20,33.431,119598
2020-05-21,33.5859,119598
2020-05-22,33.2585,119598
2020-05-26,33.4788,119598
2020-05-27,34.3089,119598
2020-05-28,35.0155,119598
2020-05-29,35.5864,119598
2020-06-01,36.2612,119598
2020-06-02,36.6433,119598
2020-06-03,36.9864,119598
2020-06-04,36.8147,119598
2020-06-05,37.3689,119598
2020-06-08,37.2905,119598
2020-06-09,36.8868,119598
2020-06-10,37.0499,119598
2020-06-11,36.4271,119598
2020-06-12,36.7785,119598
2020-06-15,36.1672,119598
2020-06-16,36.5031,119598
2020-06-17,36.3877,119598
2020-06-18,37.0138,119598
2020-06-19,37.4436,119598
2020-06-22,37.8744,119598
2020-06-23,38.5356,119598
2020-06-24,37.8971,119598
2020-06-25,37.9102,119598
2020-06-26,38.1394,119598
2020-06-29,37.8013,119598
2020-06-30,37.8892,119598
2020-07-01,38.186,119598
2020-07-02,38.5702,119598
2020-07-03,38.7775,119598
2020-07-06,39.288,119598
2020-07-07,39.4149,119598
2020-07-08,39.0804,119598
2020-07-09,39.459,119598
2020-07-10,39.2307,119598
2020-07-13,39.2988,119598
2020-07-14,38.7161,119598
2020-07-15,38.6565,119598
2020-07-16,39.0395,119598
2020-07-17,39.6318,119598
2020-07-20,40.0806,119598
2020-07-21,40.5356,119598
2020-07-22,40.4359,119598
2020-07-23,40.9252,119598
2020-07-24,40.6889,119598
2020-07-27,40.3712,119598
2020-07-28,40.8062,119598
2020-07-29,40.5824,119598
2020-07-30,40.2948,119598
2020-07-31,40.2903,119598
2020-08-03,39.8579,119598
2020-08-04,40.4546,119598
2020-08-05,40.5921,119598
2020-08-06,40.932,119598
2020-08-07,40.8992,119598
2020-08-10,41.5571,119598
2020-08-11,41.6395,119598
2020-08-12,41.7259,119598
2020-08-13,41.8192,119598
2020-08-14,41.2878,119598
2020-08-17,41.5695,119598
2020-08-18,42.0672,119598
2020-08-19,42.1591,119598
2020-08-20,41.8421,119598
2020-08-21,42.118,119598
2020-08-24,42.3611,119598
2020-08-25,42.3984,119598
2020-08-26,42.5697,119598
2020-08-27,42.7419,119598
2020-08-28,43.0028,119598
2020-08-31,41.7188,119598
2020-09-01,42.0691,119598
2020-09-02,42.4193,119598
2020-09-03,42.3333,119598
2020-09-04,41.5931,119598
2020-09-07,41.5089,119598
2020-09-08,41.2825,119598
2020-09-09,41.0707,119598
2020-09-10,41.5537,119598
2020-09-11,41.5615,119598
2020-09-14,41.67,119598
2020-09-15,41.9974,119598
2020-09-16,42.407,119598
2020-09-17,42.095,119598
2020-09-18,42.14,119598
2020-09-21,40.9201,119598
2020-09-22,40.5506,119598
2020-09-23,40.4627,119598
2020-09-24,39.3756,119598
2020-09-25,40.3295,119598
2020-09-28,41.0638,119598
2020-09-29,40.9944,119598
2020-09-30,41.0236,119598
2020-10-01,41.5324,119598
2020-10-05,41.6517,119598
2020-10-06,42.1589,119598
2020-10-07,42.3518,119598
2020-10-08,42.6726,119598
2020-10-09,43.0005,119598
2020-10-12,42.853,119598
2020-10-13,42.7662,119598
2020-10-14,42.9539,119598
2020-10-15,41.9575,119598
2020-10-16,42.3629,119598
2020-10-19,42.7679,119598
2020-10-20,42.9317,119598
2020-10-21,43.1737,119598
2020-10-22,43.0354,119598
2020-10-23,43.2208,119598
2020-10-26,42.5367,119598
2020-10-27,43.0859,119598
2020-10-28,42.4919,119598
2020-10-29,42.3197,119598
2020-10-30,42.3496,119598
2020-11-02,42.6872,119598
2020-11-03,43.2051,119598
2020-11-04,43.4726,119598
2020-11-05,44.1738,119598
2020-11-06,44.6394,119598
2020-11-09,45.425,119598
2020-11-10,45.8764,119598
2020-11-11,46.4806,119598
2020-11-12,46.4461,119598
2020-11-13,46.623,119598
2020-11-17,47.3164,119598
2020-11-18,47.7991,119598
2020-11-19,47.1473,119598
2020-11-20,47.6423,119598
2020-11-23,47.8436,119598
2020-11-24,48.4004,119598
2020-11-25,47.6362,119598
2020-11-26,48.1643,119598
2020-11-27,48.3035,119598
2020-12-01,48.8697,119598
2020-12-02,48.8503,119598
2020-12-03,48.9979,119598
2020-12-04,49.4683,119598
2020-12-07,49.7626,119598
2020-12-08,49.8583,119598
2020-12-09,50.2159,119598
2020-12-10,50.0318,119598
2020-12-11,50.0955,119598
2020-12-14,50.2255,119598
2020-12-15,50.2978,119598
2020-12-16,50.7701,119598
2020-12-17,50.963,119598
2020-12-18,51.0656,119598
2020-12-21,49.096,119598
2020-12-22,49.728,119598
2020-12-23,50.2649,119598
2020-12-24,50.741,119598
2020-12-28,51.2866,119598
2020-12-29,51.4978,119598
2020-12-30,51.6975,119598
2020-12-31,51.8572,119598
2021-01-01,52.0788,119598
2021-01-04,52.6911,119598
2021-01-05,52.9182,119598
2021-01-06,52.9219,119598
2021-01-07,52.9457,119598
2021-01-08,53.7202,119598
2021-01-11,54.1609,119598
2021-01-12,54.5034,119598
2021-01-13,54.4543,119598
2021-01-14,54.4833,119598
2021-01-15,53.7264,119598
2021-01-18,53.0658,119598
2021-01-19,53.9725,119598
2021-01-20,54.2905,119598
2021-01-21,53.8463,119598
2021-01-22,53.0916,119598
2021-01-25,52.6923,119598
2021-01-27,51.7936,119598
2021-01-28,51.3828,119598
2021-01-29,50.8227,119598
2021-02-01,53.4061,119598
2021-02-02,54.9169,119598
2021-02-03,55.572,119598
2021-02-04,56.1734,119598
2021-02-05,56.2339,119598
2021-02-08,57.1273,119598
2021-02-09,57.0651,119598
2021-02-10,57.1705,119598
2021-02-11,57.3181,119598
2021-02-12,57.323,119598
2021-02-15,58.2201,119598
2021-02-16,58.1884,119598
2021-02-17,58.0645,119598
2021-02-18,57.6748,119598
2021-02-19,56.9376,119598
2021-02-22,55.8642,119598
2021-02-23,56.1413,119598
2021-02-24,57.0522,119598
2021-02-25,57.4631,119598
2021-02-26,55.5369,119598
2021-03-01,56.4937,119598
2021-03-02,57.209,119598
2021-03-03,58.1284,119598
2021-03-04,57.6704,119598
2021-03-05,56.9587,119598
2021-03-08,57.0784,119598
2021-03-09,57.3608,119598
2021-03-10,57.6819,119598
2021-03-12,57.0622,119598
2021-03-15,56.6751,119598
2021-03-16,56.5274,119598
2021-03-17,55.703,119598
2021-03-18,55.0783,119598
2021-03-19,55.6291,119598
2021-03-22,55.7042,119598
2021-03-23,56.1201,119598
2021-03-24,54.9875,119598
2021-03-25,54.1407,119598
2021-03-26,54.8533,119598
2021-03-30,55.9509,119598
2021-03-31,55.6375,119598
2021-04-01,56.2546,119598
2021-04-05,55.3064,119598
2021-04-06,55.3538,119598
2021-04-07,56.0758,119598
2021-04-08,56.2149,119598
2021-04-09,56.0058,119598
2021-04-12,53.804,119598
2021-04-13,54.759,119598
2021-04-15,54.9772,119598
2021-04-16,55.2985,119598
2021-04-19,54.2332,119598
2021-04-20,54.0661,119598
2021-04-22,54.5386,119598
2021-04-23,54.3278,119598
2021-04-26,54.7978,119598
2021-04-27,55.4,119598
2021-04-28,55.9823,119598
2021-04-29,55.8357,119598
2021-04-30,55.0254,119598
2021-05-03,55.0319,119598
2021-05-04,54.5077,119598
2021-05-05,55.0488,119598
2021-05-06,55.4807,119598
2021-05-07,55.6548,119598
2021-05-10,56.1864,119598
2021-05-11,55.9757,119598
2021-05-12,55.4557,119598
2021-05-14,55.1717,119598
2021-05-17,56.071,119598
2021-05-18,56.7906,119598
2021-05-19,56.6819,119598
2021-05-20,56.427,119598
2021-05-21,57.3736,119598
2021-05-24,57.6493,119598
2021-05-25,57.4996,119598
2021-05-26,57.6708,119598
2021-05-27,57.7337,119598
2021-05-28,58.0058,119598
2021-05-31,58.4442,119598
2021-06-01,58.354,119598
2021-06-02,58.6581,119598
2021-06-03,59.0083,119598
2021-06-04,58.9367,119598
2021-06-07,59.2532,119598
2021-06-08,59.2852,119598
2021-06-09,58.8805,119598
2021-06-10,59.2783,119598
2021-06-11,59.3109,119598
2021-06-14,59.3317,119598
2021-06-15,59.5577,119598
2021-06-16,59.1884,119598
2021-06-17,58.7895,119598
2021-06-18,58.5877,119598
2021-06-21,58.7867,119598
2021-06-22,58.9773,119598
2021-06-23,58.828,119598
2021-06-24,59.1754,119598
2021-06-25,59.7071,119598
2021-06-28,59.5977,119598
2021-06-29,59.2396,119598
2021-06-30,59.2255,119598
2021-07-01,59.1359,119598
2021-07-02,59.4072,119598
2021-07-05,59.8428,119598
2021-07-06,59.8054,119598
2021-07-07,60.0688,119598
2021-07-08,59.5242,119598
2021-07-09,59.5363,119598
2021-07-12,59.6562,119598
2021-07-13,60.0592,119598
2021-07-14,60.2575,119598
2021-07-15,60.6374,119598
2021-07-16,60.6722,119598
2021-07-19,60.1597,119598
2021-07-20,59.4999,119598
2021-07-22,60.2579,119598
2021-07-23,60.5279,119598
2021-07-26,60.4308,119598
2021-07-27,60.1776,119598
2021-07-28,60.0696,119598
2021-07-29,60.457,119598
2021-07-30,60.5929,119598
2021-08-02,61.2102,119598
2021-08-03,61.9505,119598
2021-08-04,62.2125,119598
2021-08-05,62.2932,119598
2021-08-06,61.9544,119598
2021-08-09,61.9938,119598
2021-08-10,61.9773,119598
2021-08-11,61.8601,119598
2021-08-12,62.132,119598
2021-08-13,62.6205,119598
2021-08-16,62.4252,119598
2021-08-17,62.4469,119598
2021-08-18,62.2617,119598
2021-08-20,61.4601,119598
2021-08-23,61.4551,119598
2021-08-24,61.988,119598
2021-08-25,62.0758,119598
2021-08-26,62.1421,119598
2021-08-27,62.5225,119598
2021-08-30,63.5223,119598
2021-08-31,64.2324,119598
2021-09-01,64.2265,119598
2021-09-02,64.7521,119598
2021-09-03,65.1365,119598
2021-09-06,65.2682,119598
2021-09-07,65.1568,119598
2021-09-08,65.1606,119598
2021-09-09,65.1699,119598
2021-09-13,65.2716,119598
2021-09-14,65.507,119598
2021-09-15,66.0871,119598
2021-09-16,66.5141,119598
2021-09-17,66.3328,119598
2021-09-20,65.4278,119598
2021-09-21,65.8905,119598
2021-09-22,66.1693,119598
2021-09-23,67.2717,119598
2021-09-24,67.2971,119598
2021-09-27,67.3116,119598
2021-09-28,66.8038,119598
2021-09-29,66.8847,119598
2021-09-30,66.424,119598
2021-10-01,66.1557,119598
2021-10-04,66.8686,119598
2021-10-05,67.0449,119598
2021-10-06,66.3562,119598
2021-10-07,67.2893,119598
2021-10-08,67.2667,119598
2021-10-11,67.8148,119598
2021-10-12,67.9234,119598
2021-10-13,68.6467,119598
2021-10-14,69.2663,119598
2021-10-18,69.6222,119598
2021-10-19,69.0503,119598
2021-10-20,68.2688,119598
2021-10-21,68.1511,119598
2021-10-22,67.8136,119598
2021-10-25,67.6253,119598
2021-10-26,68.299,119598
2021-10-27,68.4241,119598
2021-10-28,67.2366,119598
2021-10-29,66.7934,119598
2021-11-01,67.8227,119598
2021-11-02,67.7439,119598
2021-11-03,67.6196,119598
2021-11-08,68.6438,119598
2021-11-09,68.675,119598
2021-11-10,68.6592,119598
2021-11-11,68.1533,119598
2021-11-12,68.9944,119598
2021-11-15,68.9861,119598
2021-11-16,68.7155,119598
2021-11-17,68.1462,119598
2021-11-18,67.487,119598
2021-11-22,66.1687,119598
2021-11-23,66.6855,119598
2021-11-24,66.3843,119598
2021-11-25,66.7267,119598
2021-11-26,64.7978,119598
2021-11-29,64.6509,119598
2021-11-30,64.5652,119598
2021-12-01,65.0158,119598
2021-12-02,65.7598,119598
2021-12-03,65.2252,119598
2021-12-06,64.2398,119598
2021-12-07,65.1678,119598
2021-12-08,66.1711,119598
2021-12-09,66.387,119598
2021-12-10,66.4609,119598
2021-12-13,66.1532,119598
2021-12-14,65.964,119598
2021-12-15,65.5893,119598
2021-12-16,65.4924,119598
2021-12-17,64.3132,119598
2021-12-20,62.6954,119598
2021-12-21,63.3564,119598
2021-12-22,64.1686,119598
2021-12-23,64.6104,119598
2021-12-24,64.3259,119598
2021-12-27,64.617,119598
2021-12-28,65.2529,119598
2021-12-29,65.2193,119598
2021-12-30,65.1266,119598
2021-12-31,65.8793,119598
2022-01-03,66.717,119598
2022-01-04,67.0699,119598
2022-01-05,67.3635,119598
2022-01-06,66.9208,119598
2022-01-07,67.1954,119598
2022-01-10,67.8155,119598
2022-01-11,68.1458,119598
2022-01-12,68.6508,119598
2022-01-13,68.721,119598
2022-01-14,68.7936,119598
2022-01-17,68.9208,119598
2022-01-18,68.0371,119598
2022-01-19,67.4226,119598
2022-01-20,66.9827,119598
2022-01-21,66.1331,119598
2022-01-24,64.3231,119598
2022-01-25,64.8604,119598
2022-01-27,64.3066,119598
2022-01-28,64.324,119598
2022-01-31,65.2512,119598
2022-02-01,66.1718,119598
2022-02-02,66.8002,119598
2022-02-03,66.148,119598
2022-02-04,65.8873,119598
2022-02-07,64.816,119598
2022-02-08,64.8439,119598
2022-02-09,65.6827,119598
2022-02-10,66.125,119598
2022-02-11,65.1988,119598
2022-02-14,63.1984,119598
2022-02-15,64.9236,119598
2022-02-16,64.9303,119598
2022-02-17,64.9128,119598
2022-02-18,64.6697,119598
2022-02-21,64.3442,119598
2022-02-22,63.918,119598
2022-02-23,63.9174,119598
2022-02-24,60.9817,119598
2022-02-25,62.6104,119598
2022-02-28,63.0538,119598
2022-03-02,62.2387,119598
2022-03-03,61.7803,119598
2022-03-04,60.8715,119598
2022-03-07,59.4466,119598
2022-03-08,60.0396,119598
2022-03-09,61.0808,119598
2022-03-10,61.9768,119598
2022-03-11,62.2094,119598
2022-03-14,62.8976,119598
2022-03-15,62.3611,119598
2022-03-16,63.4424,119598
2022-03-17,64.4947,119598
2022-03-21,63.9177,119598
2022-03-22,64.4022,119598
2022-03-23,64.2823,119598
2022-03-24,64.079,119598
2022-03-25,63.8907,119598
2022-03-28,64.1733,119598
2022-03-29,64.7003,119598
2022-03-30,65.2648,119598
2022-03-31,65.1065,119598
2022-04-01,65.7623,119598
2022-04-04,67.1177,119598
2022-04-05,66.985,119598
2022-04-06,66.4837,119598
2022-04-07,66.1446,119598
2022-04-08,66.7086,119598
2022-04-11,66.426,119598
2022-04-12,65.7781,119598
2022-04-13,65.7767,119598
2022-04-18,64.8936,119598
2022-04-19,63.9509,119598
2022-04-20,64.6159,119598
2022-04-21,65.4699,119598
2022-04-22,64.6423,119598
2022-04-25,63.7959,119598
2022-04-26,64.871,119598
2022-04-27,64.3269,119598
2022-04-28,64.8707,119598
2022-04-29,64.3341,119598
2022-05-02,64.1879,119598
2022-05-04,62.6771,119598
2022-05-05,62.7405,119598
2022-05-06,61.6379,119598
2022-05-09,61.2608,119598
2022-05-10,61.0086,119598
2022-05-11,60.7529,119598
2022-05-12,59.5505,119598
2022-05-13,59.6345,119598
2022-05-16,59.9591,119598
2022-05-17,61.3101,119598
2022-05-18,61.2122,119598
2022-05-19,59.8078,119598
2022-05-20,61.258,119598
2022-05-23,60.884,119598
2022-05-24,60.5832,119598
2022-05-25,60.1851,119598
2022-05-26,60.8244,119598
2022-05-27,61.5492,119598
2022-05-30,62.7616,119598
2022-05-31,62.7592,119598
2022-06-01,62.5925,119598
2022-06-02,62.7557,119598
2022-06-03,62.3,119598
2022-06-06,62.1894,119598
2022-06-07,61.684,119598
2022-06-08,61.4631,119598
2022-06-09,61.8679,119598
2022-06-10,61.107,119598
2022-06-13,59.6722,119598
2022-06-14,59.6513,119598
2022-06-15,59.6915,119598
2022-06-16,58.5535,119598
2022-06-17,58.2162,119598
2022-06-20,58.2281,119598
2022-06-21,59.2565,119598
2022-06-22,58.5049,119598
2022-06-23,59.2236,119598
2022-06-24,59.8564,119598
2022-06-27,60.3531,119598
2022-06-28,60.4539,119598
2022-06-29,60.3136,119598
2022-06-30,60.1944,119598
2022-07-01,60.4813,119598
2022-07-04,60.9518,119598
2022-07-05,60.8236,119598
2022-07-06,61.5701,119598
2022-07-07,62.1914,119598
2022-07-08,62.3926,119598
2022-07-11,62.5541,119598
2022-07-12,61.9261,119598
2022-07-13,61.7704,119598
2022-07-14,61.6305,119598
2022-07-15,62.0976,119598
2022-07-18,62.8325,119598
2022-07-19,63.0736,119598
2022-07-20,63.4224,119598
2022-07-21,64.0575,119598
2022-07-22,64.3619,119598
2022-07-25,64.1193,119598
2022-07-26,63.5497,119598
2022-07-27,64.1411,119598
2022-07-28,64.7369,119598
2022-07-29,65.5294,119598
2022-08-01,66.2155,119598
2022-08-02,66.0943,119598
2022-08-03,66.0153,119598
2022-08-04,66.1363,119598
2022-08-05,66.1675,119598
2022-08-08,66.6161,119598
2022-08-10,66.6973,119598
2022-08-11,67.1681,119598
2022-08-12,67.2293,119598
2022-08-16,67.9275,119598
2022-08-17,68.2514,119598
2022-08-18,68.3614,119598
2022-08-19,67.6992,119598
2022-08-22,66.8241,119598
2022-08-23,67.2161,119598
2022-08-24,67.3294,119598
2022-08-25,67.3029,119598
2022-08-26,67.4326,119598
2022-08-29,66.5979,119598
2022-08-30,68.0272,119598
2022-09-01,67.615,119598
2022-09-02,67.5947,119598
2022-09-05,68.0243,119598
2022-09-06,67.991,119598
2022-09-07,68.0405,119598
2022-09-08,68.715,119598
2022-09-09,68.8297,119598
2022-09-12,69.2189,119598
2022-09-13,69.5846,119598
2022-09-14,69.368,119598
2022-09-15,69.0705,119598
2022-09-16,67.6988,119598
2022-09-19,67.88,119598
2022-09-20,68.66,119598
2022-09-21,68.2174,119598
2022-09-22,67.933,119598
2022-09-23,66.807,119598
2022-09-26,65.5054,119598
2022-09-27,65.4312,119598
2022-09-28,64.9193,119598
2022-09-29,65.0109,119598
2022-09-30,65.9024,119598
2022-10-03,65.1411,119598
2022-10-04,66.5108,119598
2022-10-06,66.9628,119598
2022-10-07,66.817,119598
2022-10-10,66.47,119598
2022-10-11,65.4907,119598
2022-10-12,66.0239,119598
2022-10-13,65.6458,119598
2022-10-14,66.209,119598
2022-10-17,66.4778,119598
2022-10-18,67.0928,119598
2022-10-19,67.322,119598
2022-10-20,67.4668,119598
2022-10-21,67.4308,119598
2022-10-25,67.9651,119598
2022-10-27,68.3205,119598
2022-10-28,68.2304,119598
2022-10-31,69.2217,119598
2022-11-01,69.6529,119598
2022-11-02,69.4048,119598
2022-11-03,69.3394,119598
2022-11-04,69.4229,119598
2022-11-07,69.8002,119598
2022-11-09,69.6302,119598
2022-11-10,69.1853,119598
2022-11-11,69.9991,119598
2022-11-14,69.897,119598
2022-11-15,70.1579,119598
2022-11-16,70.0948,119598
2022-11-17,69.9133,119598
2022-11-18,69.6839,119598
2022-11-21,69.3097,119598
2022-11-22,69.5465,119598
2022-11-23,69.6017,119598
2022-11-24,70.3219,119598
2022-11-25,70.3993,119598
2022-11-28,70.5467,119598
2022-11-29,70.6603,119598
2022-11-30,71.2764,119598
2022-12-01,71.5435,119598
2022-12-02,71.186,119598
2022-12-05,71.1601,119598
2022-12-06,70.8555,119598
2022-12-07,70.6933,119598
2022-12-08,70.9237,119598
2022-12-09,70.6518,119598
2022-12-12,70.6669,119598
2022-12-13,71.0099,119598
2022-12-14,71.3017,119598
2022-12-15,70.4674,119598
2022-12-16,69.7996,119598
2022-12-19,70.4426,119598
2022-12-20,70.2613,119598
2022-12-21,69.581,119598
2022-12-22,69.2877,119598
2022-12-23,68.0633,119598
2022-12-26,69.0055,119598
2022-12-27,69.4606,119598
2022-12-28,69.4505,119598
2022-12-29,69.6239,119598
2022-12-30,69.2475,119598
2023-01-02,69.5312,119598
2023-01-03,69.6683,119598
2023-01-04,69.0864,119598
2023-01-05,69.1289,119598
2023-01-06,68.8026,119598
2023-01-09,69.4788,119598
2023-01-10,68.9112,119598
2023-01-11,68.8571,119598
2023-01-12,68.8497,119598
2023-01-13,69.1754,119598
2023-01-16,68.8722,119598
2023-01-17,69.3165,119598
2023-01-18,69.7076,119598
2023-01-19,69.6056,119598
2023-01-20,69.3106,119598
2023-01-23,69.5537,119598
2023-01-24,69.4835,119598
2023-01-25,68.7006,119598
2023-01-27,67.9644,119598
2023-01-30,67.972,119598
2023-01-31,68.3001,119598
2023-02-01,68.3815,119598
2023-02-02,68.5615,119598
2023-02-03,69.0761,119598
2023-02-06,68.8942,119598
2023-02-07,68.6865,119598
2023-02-08,69.1212,119598
2023-02-09,69.1922,119598
2023-02-10,69.2348,119598
2023-02-13,68.9374,119598
2023-02-14,69.3643,119598
2023-02-15,69.7052,119598
2023-02-16,69.7663,119598
2023-02-17,69.5246,119598
2023-02-20,69.3166,119598
2023-02-21,69.2352,119598
2023-02-22,68.4787,119598
2023-02-23,68.2644,119598
2023-02-24,68.0092,119598
2023-02-27,67.7304,119598
2023-02-28,67.498,119598
2023-03-01,67.947,119598
2023-03-02,67.5066,119598
2023-03-03,68.1456,119598
2023-03-06,68.4511,119598
2023-03-08,68.6548,119598
2023-03-09,68.1267,119598
2023-03-10,67.5522,119598
2023-03-13,66.528,119598
2023-03-14,66.3358,119598
2023-03-15,66.1485,119598
2023-03-16,66.1788,119598
2023-03-17,66.5621,119598
2023-03-20,66.2071,119598
2023-03-21,66.6196,119598
2023-03-22,66.8406,119598
2023-03-23,66.5985,119598
2023-03-24,66.0786,119598
2023-03-27,66.0419,119598
2023-03-28,65.9713,119598
2023-03-29,66.5172,119598
2023-03-31,67.3205,119598
2023-04-03,67.546,119598
2023-04-05,68.0208,119598
2023-04-06,68.3506,119598
2023-04-10,68.4095,119598
2023-04-11,68.8083,119598
2023-04-12,69.3027,119598
2023-04-13,69.4279,119598
2023-04-17,69.1342,119598
2023-04-18,69.0824,119598
2023-04-19,68.9986,119598
2023-04-20,69.0521,119598
2023-04-21,68.9183,119598
2023-04-24,69.2685,119598
2023-04-25,69.4153,119598
2023-04-26,69.5754,119598
2023-04-27,70.0188,119598
2023-04-28,70.6847,119598
2023-05-02,70.9413,119598
2023-05-03,70.8551,119598
2023-05-04,71.515,119598
2023-05-05,71.0897,119598
2023-05-08,71.746,119598
2023-05-09,71.7424,119598
2023-05-10,72.031,119598
2023-05-11,71.8349,119598
2023-05-12,72.0204,119598
2023-05-15,72.4128,119598
2023-05-16,72.247,119598
2023-05-17,71.9631,119598
2023-05-18,71.5847,119598
2023-05-19,71.7838,119598
2023-05-22,72.1245,119598
2023-05-23,72.3377,119598
2023-05-24,72.007,119598
2023-05-25,72.3546,119598
2023-05-26,72.7789,119598
2023-05-29,73.2393,119598
2023-05-30,73.4479,119598
2023-05-31,73.2655,119598
2023-06-01,73.1558,119598
2023-06-02,73.4329,119598
2023-06-05,73.6944,119598
2023-06-06,73.9958,119598
2023-06-07,74.5641,119598
2023-06-08,74.1569,119598
2023-06-09,73.9201,119598
2023-06-12,74.0149,119598
2023-06-13,74.5967,119598
2023-06-14,74.5606,119598
2023-06-15,74.3972,119598
2023-06-16,75.0625,119598
2023-06-19,74.9997,119598
2023-06-20,75.182,119598
2023-06-21,75.1341,119598
2023-06-22,74.8348,119598
2023-06-23,74.3209,119598
2023-06-26,74.5011,119598
2023-06-27,75.0263,119598
2023-06-28,75.48,119598
2023-06-30,76.231,119598
2023-07-03,76.6435,119598
2023-07-04,76.7032,119598
2023-07-05,77.0226,119598
2023-07-06,77.3342,119598
2023-07-07,76.7309,119598
2023-07-10,76.6673,119598
2023-07-11,76.9694,119598
2023-07-12,76.8883,119598
2023-07-13,77.0825,119598
2023-07-14,77.579,119598
2023-07-17,77.9016,119598
2023-07-18,77.86,119598
2023-07-19,78.2068,119598
2023-07-20,78.6154,119598
2023-07-21,78.1439,119598
2023-07-24,77.9866,119598
2023-07-25,78.1111,119598
2023-07-26,78.5034,119598
2023-07-27,78.0522,119598
2023-07-28,78.1127,119598
2023-07-31,78.259,119598
2023-08-01,78.1303,119598
2023-08-02,77.4694,119598
2023-08-03,77.0012,119598
2023-08-04,77.338,119598
2023-08-07,77.5942,119598
2023-08-08,77.4382,119598
2023-08-09,77.5608,119598
2023-08-10,77.292,119598
2023-08-11,76.8394,119598
2023-08-14,76.8131,119598
2023-08-16,76.8946,119598
2023-08-17,76.5446,119598
2023-08-18,76.2904,119598
2023-08-21,76.7582,119598
2023-08-22,76.9051,119598
2023-08-23,77.1141,119598
2023-08-24,77.0325,119598
2023-08-25,76.5058,119598
2023-08-28,76.8193,119598
2023-08-29,77.0739,119598
2023-08-30,77.1925,119598
2023-08-31,77.0024,119598
2023-09-01,77.4403,119598
2023-09-04,77.7241,119598
2023-09-05,77.8709,119598
2023-09-06,78.1894,119598
2023-09-07,78.6625,119598
2023-09-08,79.0767,119598
2023-09-11,79.6648,119598
2023-09-12,79.3221,119598
2023-09-13,79.2859,119598
2023-09-14,79.6086,119598
2023-09-15,79.974,119598
2023-09-18,79.7149,119598
2023-09-20,78.9892,119598
2023-09-21,78.3447,119598
2023-09-22,78.0598,119598
2023-09-25,78.0815,119598
2023-09-26,78.1724,119598
2023-09-27,78.4934,119598
2023-09-29,78.4038,119598
2023-10-03,78.2061,119598
2023-10-04,77.7626,119598
2023-10-05,78.055,119598
2023-10-06,78.5288,119598
2023-10-09,77.8645,119598
2023-10-10,78.5129,119598
2023-10-11,79.0359,119598
2023-10-12,79.0401,119598
2023-10-13,78.8657,119598
2023-10-16,78.8131,119598
2023-10-17,79.1581,119598
2023-10-18,78.6525,119598
2023-10-19,78.4839,119598
2023-10-20,77.9583,119598
2023-10-23,76.9622,119598
2023-10-25,76.371,119598
2023-10-26,75.5283,119598
2023-10-27,76.1516,119598
2023-10-30,76.3506,119598
2023-10-31,76.0747,119598
2023-11-01,75.8525,119598
2023-11-02,76.4233,119598
2023-11-03,76.7743,119598
2023-11-06,77.5452,119598
2023-11-07,77.549,119598
2023-11-08,77.802,119598
2023-11-09,77.6062,119598
2023-11-10,77.789,119598
2023-11-13,77.7344,119598
2023-11-15,78.5944,119598
2023-11-16,78.7996,119598
2023-11-17,78.7959,119598
2023-11-20,78.5815,119598
2023-11-21,78.8286,119598
2023-11-22,78.9655,119598
2023-11-23,78.9027,119598
2023-11-24,78.8806,119598
2023-11-28,79.0701,119598
2023-11-29,79.6914,119598
2023-11-30,80.0796,119598
2023-12-01,80.6394,119598
2023-12-04,82.2141,119598
2023-12-05,82.3808,119598
2023-12-06,82.6448,119598
2023-12-07,82.577,119598
2023-12-08,82.619,119598
2023-12-11,82.8273,119598
2023-12-12,82.473,119598
2023-12-13,82.6881,119598
2023-12-14,83.6491,119598
2023-12-15,84.0546,119598
2023-12-18,84.0961,119598
2023-12-19,84.0692,119598
2023-12-20,82.8711,119598
2023-12-21,83.3134,119598
2023-12-22,83.8702,119598
2023-12-26,84.2281,119598
2023-12-27,85.0513,119598
2023-12-28,85.4602,119598
2023-12-29,85.5209,119598
2024-01-01,85.4006,119598
2024-01-02,85.1343,119598
2024-01-03,84.8522,119598
2024-01-04,85.5689,119598
2024-01-05,85.6147,119598
2024-01-08,84.9052,119598
2024-01-09,85.0638,119598
2024-01-10,85.2004,119598
2024-01-11,85.3244,119598
2024-01-12,85.8149,119598
2024-01-15,86.2032,119598
2024-01-16,86.0646,119598
2024-01-17,84.4554,119598
2024-01-18,84.1101,119598
2024-01-19,84.7262,119598
2024-01-23,83.4459,119598
2024-01-24,84.0899,119598
2024-01-25,83.9082,119598
2024-01-29,84.9257,119598
2024-01-30,84.067,119598
2024-01-31,84.8028,119598
2024-02-01,84.6754,119598
2024-02-02,84.7062,119598
2024-02-05,84.3352,119598
2024-02-06,84.9493,119598
2024-02-07,85.1719,119598
2024-02-08,84.2471,119598
2024-02-09,84.4958,119598
2024-02-12,83.7336,119598
2024-02-13,83.9945,119598
2024-02-14,84.2448,119598
2024-02-15,84.4205,119598
2024-02-16,85.0215,119598
2024-02-19,85.3124,119598
2024-02-20,85.4667,119598
2024-02-21,85.0339,119598
2024-02-22,85.7241,119598
2024-02-23,85.9014,119598
2024-02-26,85.6122,119598
2024-02-27,85.8384,119598
2024-02-28,84.7863,119598
2024-02-29,85.0313,119598
2024-03-01,86.1056,119598
2024-03-04,86.1929,119598
2024-03-05,85.9455,119598
2024-03-06,86.2551,119598
2024-03-07,86.4838,119598
2024-03-11,86.1707,119598
2024-03-12,85.8566,119598
2024-03-13,84.7284,119598
2024-03-14,85.4425,119598
2024-03-15,85.1005,119598
2024-03-18,85.2728,119598
2024-03-19,84.6088,119598
2024-03-20,84.7602,119598
2024-03-21,85.7352,119598
2024-03-22,86.4049,119598
2024-03-26,86.5277,119598
2024-03-27,87.0319,119598
2024-03-28,87.8153,119598
2024-03-31,87.8114,119598
2024-04-01,88.4656,119598
2024-04-02,88.4836,119598
2024-04-03,88.3021,119598
2024-04-04,88.5101,119598
2024-04-05,88.6022,119598
2024-04-08,89.1796,119598
2024-04-09,89.2378,119598
2024-04-10,89.5334,119598
2024-04-12,88.8298,119598
2024-04-15,87.8143,119598
2024-04-16,87.5268,119598
2024-04-18,87.222,119598
2024-04-19,87.6363,119598
2024-04-22,88.2671,119598
2024-04-23,88.5191,119598
2024-04-24,88.8571,119598
2024-04-25,88.8355,119598
2024-04-26,88.3315,119598
2024-04-29,89.0366,119598
2024-04-30,89.0997,119598
2024-05-02,89.2327,119598
2024-05-03,88.8694,119598
2024-05-06,89.2685,119598
2024-05-07,88.8312,119598
2024-05-08,88.8827,119598
2024-05-09,87.5857,119598
2024-05-10,88.0627,119598
2024-05-13,88.4972,119598
2024-05-14,88.9088,119598
2024-05-15,88.9202,119598
2024-05-16,89.7422,119598
2024-05-17,90.1791,119598
2024-05-21,90.2523,119598
2024-05-22,90.6545,119598
2024-05-23,91.7297,119598
2024-05-24,91.6308,119598
2024-05-27,91.7887,119598
2024-05-28,91.6552,119598
2024-05-29,91.0997,119598
2024-05-30,90.594,119598
2024-05-31,90.5107,119598
2024-06-03,92.807,119598
2024-06-04,88.6525,119598
2024-06-05,91.4533,119598
2024-06-06,92.3396,119598
2024-06-07,93.6512,119598
2024-06-10,93.6631,119598
2024-06-11,93.6164,119598
2024-06-12,94.0177,119598
2024-06-13,94.6499,119598
2024-06-14,95.3229,119598
2024-06-18,95.5594,119598
2024-06-19,95.2014,119598
2024-06-20,95.4223,119598
2024-06-21,95.0537,119598
2024-06-24,95.462,119598
2024-06-25,95.8824,119598
2024-06-26,96.2159,119598
2024-06-27,96.8441,119598
2024-06-28,96.4634,119598
2024-06-30,96.4599,119598
2024-07-01,97.071,119598
2024-07-02,96.809,119598
2024-07-03,97.4466,119598
2024-07-04,97.6009,119598
2024-07-05,97.9323,119598
2024-07-08,97.7341,119598
2024-07-09,98.2963,119598
2024-07-10,97.9903,119598
2024-07-11,97.7984,119598
2024-07-12,98.146,119598
2024-07-15,98.5235,119598
2024-07-16,98.7117,119598
2024-07-18,99.2616,119598
2024-07-19,98.2298,119598
2024-07-22,98.291,119598
2024-07-23,98.1982,119598
2024-07-24,98.1297,119598
2024-07-25,98.2457,119598
2024-07-26,99.8735,119598
2024-07-29,100.0318,119598
2024-07-30,99.9995,119598
2024-07-31,100.4128,119598
2024-08-01,100.214,119598
2024-08-02,99.0401,119598
2024-08-05,96.4538,119598
2024-08-06,96.2337,119598
2024-08-07,97.4866,119598
2024-08-08,96.8423,119598
2024-08-09,97.6345,119598
2024-08-12,97.5906,119598
2024-08-13,96.9558,119598
2024-08-14,97.0433,119598
2024-08-16,98.5871,119598
2024-08-19,98.5959,119598
2024-08-20,99.289,119598
2024-08-21,99.6997,119598
2024-08-22,99.9541,119598
2024-08-23,99.7703,119598
2024-08-26,100.38,119598
2024-08-27,100.5582,119598
2024-08-28,100.6184,119598
2024-08-29,100.7004,119598
2024-08-30,101.1697,119598
2024-08-31,101.1684,119598
2024-09-02,101.1973,119598
2024-09-03,101.2726,119598
2024-09-04,101.1045,119598
2024-09-05,101.1463,119598
2024-09-06,100.0078,119598
2024-09-09,100.3996,119598
2024-09-10,100.7425,119598
2024-09-11,100.5474,119598
2024-09-12,102.3186,119598
2024-09-13,102.3658,119598
2024-09-16,102.4553,119598
2024-09-17,102.724,119598
2024-09-18,102.5746,119598
2024-09-19,102.7369,119598
2024-09-20,104.4123,119598
2024-09-23,105.0604,119598
2024-09-24,105.0401,119598
2024-09-25,104.9967,119598
2024-09-26,105.7929,119598
2024-09-27,105.5046,119598
2024-09-30,104.4436,119598
2024-10-01,104.4904,119598
2024-10-03,102.3604,119598
2024-10-04,101.4593,119598
2024-10-07,100.5173,119598
2024-10-08,101.5187,119598
2024-10-09,101.9576,119598
2024-10-10,101.9044,119598
2024-10-11,101.9562,119598
2024-10-14,102.6849,119598
2024-10-15,102.5724,119598
2024-10-16,102.3436,119598
2024-10-17,101.3402,119598
2024-10-18,101.6012,119598
2024-10-21,101.0045,119598
2024-10-22,99.7018,119598
2024-10-23,99.445,119598
2024-10-24,99.2104,119598
2024-10-25,98.5607,119598
2024-10-28,98.991,119598
2024-10-29,99.6626,119598
2024-10-30,99.2075,119598
2024-10-31,98.8299,119598
2024-11-04,98.266,119598
2024-11-05,98.8345,119598
2024-11-06,100.0824,119598
2024-11-07,99.1768,119598
2024-11-08,98.9795,119598
2024-11-11,98.6877,119598
2024-11-12,97.4926,119598
2024-11-13,95.8898,119598
2024-11-14,96.0584,119598
2024-11-18,95.9132,119598
2024-11-19,96.1643,119598
2024-11-21,95.5899,119598
2024-11-22,97.3919,119598
2024-11-25,98.6076,119598
2024-11-26,98.7789,119598
2024-11-27,98.8176,119598
2024-11-28,97.8404,119598
2024-11-29,98.5978,119598
2024-11-30,98.5964,119598
2024-12-02,99.2215,119598
2024-12-03,99.7513,119598
2024-12-04,99.9565,119598
2024-12-05,100.5774,119598
2024-12-06,100.5382,119598
2024-12-09,100.3271,119598
2024-12-10,100.5258,119598
2024-12-11,100.7013,119598
2024-12-12,100.4154,119598
2024-12-13,101.0179,119598
2024-12-16,100.8734,119598
2024-12-17,99.5475,119598
2024-12-18,99.1063,119598
2024-12-19,98.2956,119598
2024-12-20,96.9531,119598
2024-12-23,97.4078,119598
2024-12-24,97.3738,119598
2024-12-26,97.4094,119598
2024-12-27,97.4785,119598
2024-12-30,96.7641,119598
2024-12-31,96.8406,119598
2025-01-01,97.2185,119598
2025-01-02,98.9731,119598
2025-01-03,98.4665,119598
2025-01-06,96.8888,119598
2025-01-07,97.1241,119598
2025-01-08,96.8522,119598
2025-01-09,96.2545,119598
2025-01-10,95.5749,119598
2025-01-13,93.8253,119598
2025-01-14,94.6293,119598
2025-01-15,94.831,119598
2025-01-16,95.3127,119598
2025-01-17,95.015,119598
2025-01-20,95.5695,119598
2025-01-21,94.3075,119598
2025-01-22,94.4746,119598
2025-01-23,94.8458,119598
2025-01-24,94.2853,119598
2025-01-27,93.1372,119598
2025-01-28,93.4472,119598
2025-01-29,94.4373,119598
2025-01-30,94.7045,119598
2025-01-31,95.5128,119598
2025-02-03,95.4096,119598
2025-02-04,96.7681,119598
2025-02-05,96.3599,119598
2025-02-06,95.99,119598
2025-02-07,95.633,119598
2025-02-10,94.9849,119598
2025-02-11,93.3979,119598
2025-02-12,93.3384,119598
2025-02-13,93.2736,119598
2025-02-14,92.6709,119598
2025-02-17,92.4836,119598
2025-02-18,92.475,119598
2025-02-19,92.8073,119598
2025-02-20,92.7728,119598
2025-02-21,92.2747,119598
2025-02-24,91.3892,119598
2025-02-25,91.3119,119598
2025-02-27,91.1182,119598
2025-02-28,89.4588,119598
2025-03-03,89.6964,119598
2025-03-04,89.5754,119598
2025-03-05,90.7129,119598
2025-03-06,91.4271,119598
2025-03-07,91.5438,119598
2025-03-10,91.0034,119598
2025-03-11,91.3463,119598
2025-03-12,91.3634,119598
2025-03-13,91.0915,119598
2025-03-17,91.3493,119598
2025-03-18,92.7877,119598
2025-03-19,93.1446,119598
2025-03-20,94.2351,119598
2025-03-21,94.9517,119598
2025-03-24,96.1721,119598
2025-03-25,96.0672,119598
2025-03-26,95.424,119598
2025-03-27,95.9369,119598
2025-03-28,95.6577,119598
2025-03-31,95.6547,119598
2025-04-01,94.1283,119598
2025-04-02,94.8548,119598
2025-04-03,94.5277,119598
2025-04-04,92.9521,119598
2025-04-07,89.9794,119598
2025-04-08,91.4264,119598
2025-04-09,90.9926,119598
2025-04-11,92.5872,119598
2025-04-15,94.8504,119598
2025-04-16,95.3747,119598
2025-04-17,96.7335,119598
2025-04-21,97.9781,119598
2025-04-22,98.0968,119598
2025-04-23,98.4562,119598
2025-04-24,98.1624,119598
2025-04-25,97.2339,119598
2025-04-28,98.3357,119598
2025-04-29,98.4023,119598
2025-04-30,98.5951,119598
2025-05-02,98.3989,119598
2025-05-05,98.7375,119598
2025-05-06,98.2809,119598
2025-05-07,98.5802,119598
2025-05-08,97.9286,119598
2025-05-09,97.1911,119598
2025-05-12,100.505,119598
2025-05-13,99.481,119598
2025-05-14,99.8669,119598
2025-05-15,100.9392,119598
2025-05-16,101.2354,119598
2025-05-19,101.3343,119598
2025-05-20,100.2982,119598
2025-05-21,100.9111,119598
2025-05-22,100.31,119598
2025-05-23,101.0597,119598
2025-05-26,101.5595,119598
2025-05-27,101.0329,119598
2025-05-28,100.8008,119598
2025-05-29,101.0965,119598
2025-05-30,100.9978,119598
2025-05-31,100.996,119598
2025-06-02,100.7829,119598
2025-06-03,100.2164,119598
2025-06-04,100.5807,119598
2025-06-05,101.1362,119598
2025-06-06,101.9479,119598
2025-06-09,102.4559,119598
2025-06-10,102.3533,119598
2025-06-11,102.4536,119598
2025-06-12,101.5078,119598
2025-06-13,100.856,119598
2025-06-16,101.5726,119598
2025-06-17,101.1807,119598
2025-06-18,101.0793,119598
2025-06-19,100.744,119598
2025-06-20,101.8155,119598
2025-06-23,101.4241,119598
2025-06-24,101.8324,119598
2025-06-25,102.4936,119598
2025-06-26,103.7126,119598
2025-06-27,104.4028,119598
2025-06-30,104.1716,119598
2025-07-01,104.1081,119598
2025-07-02,103.8696,119598
2025-07-03,103.7192,119598
2025-07-04,104.002,119598
2025-07-07,104.116,119598
2025-07-08,104.5734,119598
2025-07-09,104.5148,119598
2025-07-10,103.8312,119598
2025-07-11,103.2761,119598
2025-07-14,103.1953,119598
2025-07-15,103.5039,119598
2025-07-16,103.4744,119598
2025-07-17,103.2477,119598
2025-07-18,102.5862,119598
2025-07-21,103.0422,119598
2025-07-22,102.9547,119598
2025-07-23,103.3768,119598
2025-07-24,102.9132,119598
2025-07-25,101.9896,119598
2025-07-28,101.4409,119598
2025-07-29,102.0934,119598
2025-07-30,102.5138,119598
2025-07-31,102.1782,119598
2025-08-01,101.4208,119598
2025-08-04,101.9718,119598
2025-08-05,101.5528,119598
2025-08-06,101.139,119598
2025-08-07,101.1904,119598
2025-08-08,99.9825,119598
2025-08-11,100.6503,119598
2025-08-12,100.2548,119598
2025-08-13,100.8756,119598
2025-08-14,100.9683,119598
2025-08-18,101.9538,119598
2025-08-19,102.6222,119598
2025-08-20,102.8622,119598
2025-08-21,103.0328,119598
2025-08-22,102.2005,119598
2025-08-25,102.5201,119598
2025-08-26,101.6911,119598
2025-08-28,100.7659,119598
2025-08-29,100.581,119598
2025-08-31,100.577,119598
2025-09-01,101.453,119598
2025-09-02,101.3975,119598
2025-09-03,101.9043,119598
2025-09-04,101.8507,119598
2025-09-05,101.8773,119598
2025-09-08,102.0967,119598
2025-09-09,102.4629,119598
2025-09-10,102.8564,119598
2025-09-11,102.8604,119598
2025-09-12,103.2028,119598
2025-09-15,103.1848,119598
2025-09-16,103.936,119598
2025-09-17,104.0495,119598
2025-09-18,104.5126,119598
2025-09-19,104.2415,119598
2025-09-22,103.6804,119598
2025-09-23,103.424,119598
2025-09-24,102.909,119598
2025-09-25,102.2711,119598
2025-09-26,101.2759,119598
2025-09-30,101.1985,119598
2025-10-01,101.8592,119598
2025-10-03,102.3071,119598
2025-10-06,102.698,119598
2025-10-07,102.851,119598
2025-10-08,102.3824,119598
2025-10-09,102.9945,119598
2025-10-10,103.4407,119598
2025-10-13,103.1421,119598
2025-10-14,102.8748,119598
2025-10-15,103.6486,119598
2025-10-16,104.6085,119598
2025-10-17,104.909,119598
2025-10-20,105.2529,119598
2025-10-23,105.3955,119598
2025-10-24,105.1347,119598
2025-10-27,105.6258,119598
2025-10-28,105.6021,119598
2025-10-29,106.2858,119598
2025-10-30,105.6382,119598
2025-10-31,104.9939,119598
2025-11-03,105.3307,119598
2025-11-04,104.7867,119598
2025-11-06,104.4638,119598
2025-11-07,104.3705,119598
2025-11-10,104.6537,119598
2025-11-11,104.9893,119598
2025-11-12,105.4128,119598
2025-11-13,105.61,119598
2025-11-14,105.4512,119598
2025-11-17,105.7972,119598
2025-11-18,105.3602,119598
2025-11-19,105.8057,119598
2025-11-20,106.2282,119598
2025-11-21,105.6011,119598
2025-11-24,105.3874,119598
2025-11-25,105.3628,119598
2025-11-26,106.6403,119598
2025-11-27,106.7421,119598
2025-11-28,106.6855,119598
2025-11-30,106.6818,119598
2025-12-01,106.6529,119598
2025-12-02,106.3743,119598
2025-12-03,106.1084,119598
2025-12-04,106.2403,119598
2025-12-05,106.7188,119598
2025-12-08,105.8002,119598
2025-12-09,105.5228,119598
2025-12-10,105.2807,119598
2025-12-11,105.8725,119598
2025-12-12,106.4796,119598
2025-12-15,106.4473,119598
2025-12-16,105.8885,119598
2025-12-17,105.6759,119598
2025-12-18,105.6702,119598
2025-12-19,106.3037,119598
2025-12-22,106.958,119598
2025-12-23,107.0651,119598
2025-12-24,106.7682,119598
2025-12-26,106.4805,119598
2025-12-29,106.3181,119598
2025-12-30,106.23,119598
2025-12-31,107.0032,119598
2026-01-01,107.3311,119598
2026-01-02,108.1466,119598
2026-01-05,107.9636,119598
2026-01-06,108.2085,119598
2026-01-07,108.1992,119598
2026-01-08,106.9765,119598
2026-01-09,106.307,119598
2026-01-12,106.5308,119598
2026-01-13,106.4398,119598
2026-01-14,106.3271,119598
2026-01-16,106.4496,119598
2026-01-19,105.9085,119598
2026-01-20,104.4474,119598
2026-01-21,104.1186,119598
2026-01-22,104.7008,119598
2026-01-23,103.7662,119598
2026-01-27,104.0972,119598
2026-01-28,104.9375,119598
2026-01-29,105.2959,119598
2026-01-30,104.835,119598
2026-01-31,104.8332,119598
2026-02-02,103.6419,119598
2026-02-03,106.189,119598
2026-02-04,106.3823,119598
2026-02-05,105.798,119598
2026-02-06,105.7159,119598
2026-02-09,106.7058,119598
2026-02-10,107.1928,119598
2026-02-11,107.5233,119598
2026-02-12,107.0767,119598
2026-02-13,105.6923,119598
2026-02-16,106.2249,119598
2026-02-17,106.4515,119598
2026-02-18,107.0054,119598
2026-02-19,105.5988,119598
2026-02-20,106.1366,119598
2026-02-23,106.8215,119598
2026-02-24,105.9555,119598
2026-02-25,106.3702,119598
2026-02-26,106.6708,119598
2026-02-27,105.568,119598
2026-02-28,105.5664,119598
2026-03-02,104.2302,119598
2026-03-04,102.2099,119598
2026-03-05,103.2524,119598
2026-03-06,102.1107,119598
2026-03-09,100.1872,119598
2026-03-10,101.3245,119598
2026-03-11,99.9872,119598
2026-03-12,98.955,119598
2026-03-13,96.6557,119598
2026-03-16,97.4498,119598
2026-03-17,98.3092,119598
2026-03-18,99.1708,119598
2026-03-19,96.026,119598
2026-03-20,96.4021,119598
2026-03-23,93.4422,119598
2026-03-24,95.5638,119598
2026-03-25,97.3665,119598
2026-03-27,95.3576,119598
2026-03-30,93.2646,119598
2026-03-31,93.263,119598
2026-04-01,94.8935,119598
2026-04-02,94.8629,119598
2026-04-06,95.9376,119598
2026-04-07,96.4835,119598
2026-04-08,100.2213,119598
2026-04-09,99.42,119598
2026-04-10,101.1214,119598
2026-04-13,100.6532,119598
2026-04-15,102.5891,119598
2026-04-16,102.777,119598
2026-04-17,103.5104,119598
2026-04-20,103.3969,119598
2026-04-21,104.3172,119598
2026-04-22,103.9677,119598
2026-04-23,102.7833,119598
2026-04-24,101.6031,119598
2026-04-27,102.5823,119598
2026-04-28,101.8764,119598
2026-04-29,102.3271,119598
2026-04-30,101.5677,119598
2026-05-04,102.0764,119598
2026-05-05,101.7547,119598
2026-05-06,103.2935,119598
2026-05-07,103.5675,119598
2026-05-08,103.2733,119598
2026-05-11,101.8725,119598
2026-05-12,99.769,119598
2026-05-13,100.3014,119598
2026-05-14,101.1037,119598
2026-05-15,100.8702,119598
2026-05-18,100.7781,119598
2026-05-19,100.8734,119598
2026-05-20,100.8205,119598
2026-05-21,101.0529,119598
2026-05-22,101.6833,119598
2026-05-25,102.7494,119598
2026-05-26,102.3652,119598
2026-05-27,102.4855,119598
2026-05-29,101.6306,119598
2026-05-31,101.6271,119598
2026-06-01,100.7621,119598
2026-06-02,101.0521,119598
2026-06-03,100.8823,119598
2026-06-04,100.8953,119598
2026-06-05,100.841,119598
2026-06-08,99.6668,119598
2026-06-09,100.565,119598
2026-06-10,100.3451,119598
2026-06-11,99.8201,119598
2026-06-12,102.1121,119598
2026-06-15,103.6105,119598
2026-06-16,104.0073,119598
